pclass,survived,name,sex,age,sibsp,parch,ticket,fare,cabin,embarked,boat,body,home.dest,Alive,PassClass
1st,Alive,"Allen, Miss. Elisabeth Walton",female,29,0,0,24160,211.337494,B5,Southampton,2,,"St Louis, MO",1,1
1st,Alive,"Allison, Master. Hudson Trevor",male,0.916700006,1,2,113781,151.550003,C22 C26,Southampton,11,,"Montreal, PQ / Chesterville, ON",1,1
1st,Dead,"Allison, Miss. Helen Loraine",female,2,1,2,113781,151.550003,C22 C26,Southampton,,,"Montreal, PQ / Chesterville, ON",0,1
1st,Dead,"Allison, Mr. Hudson Joshua Crei",male,30,1,2,113781,151.550003,C22 C26,Southampton,,135,"Montreal, PQ / Chesterville, ON",0,1
1st,Dead,"Allison, Mrs. Hudson J C (Bessi",female,25,1,2,113781,151.550003,C22 C26,Southampton,,,"Montreal, PQ / Chesterville, ON",0,1
1st,Alive,"Anderson, Mr. Harry",male,48,0,0,19952,26.5499992,E12,Southampton,3,,"New York, NY",1,1
1st,Alive,"Andrews, Miss. Kornelia Theodos",female,63,1,0,13502,77.9582977,D7,Southampton,10,,"Hudson, NY",1,1
1st,Dead,"Andrews, Mr. Thomas Jr",male,39,0,0,112050,0,A36,Southampton,,,"Belfast, NI",0,1
1st,Alive,"Appleton, Mrs. Edward Dale (Cha",female,53,2,0,11769,51.4791985,C101,Southampton,D,,"Bayside, Queens, NY",1,1
1st,Dead,"Artagaveytia, Mr. Ramon",male,71,0,0,PC 17609,49.5042,,Cherbourg,,22,"Montevideo, Uruguay",0,1
1st,Dead,"Astor, Col. John Jacob",male,47,1,0,PC 17757,227.524994,C62 C64,Cherbourg,,124,"New York, NY",0,1
1st,Alive,"Astor, Mrs. John Jacob (Madelei",female,18,1,0,PC 17757,227.524994,C62 C64,Cherbourg,4,,"New York, NY",1,1
1st,Alive,"Aubart, Mme. Leontine Pauline",female,24,0,0,PC 17477,69.3000031,B35,Cherbourg,9,,"Paris, France",1,1
1st,Alive,"Barber, Miss. Ellen \""Nellie\""",female,26,0,0,19877,78.8499985,,Southampton,6,,,1,1
1st,Alive,"Barkworth, Mr. Algernon Henry W",male,80,0,0,27042,30,A23,Southampton,B,,"Hessle, Yorks",1,1
1st,Dead,"Baumann, Mr. John D",male,,0,0,PC 17318,25.9249992,,Southampton,,,"New York, NY",0,1
1st,Dead,"Baxter, Mr. Quigg Edmond",male,24,0,1,PC 17558,247.520798,B58 B60,Cherbourg,,,"Montreal, PQ",0,1
1st,Alive,"Baxter, Mrs. James (Helene DeLa",female,50,0,1,PC 17558,247.520798,B58 B60,Cherbourg,6,,"Montreal, PQ",1,1
1st,Alive,"Bazzani, Miss. Albina",female,32,0,0,11813,76.2917023,D15,Cherbourg,8,,,1,1
1st,Dead,"Beattie, Mr. Thomson",male,36,0,0,13050,75.2416992,C6,Cherbourg,A,,"Winnipeg, MN",0,1
1st,Alive,"Beckwith, Mr. Richard Leonard",male,37,1,1,11751,52.5541992,D35,Southampton,5,,"New York, NY",1,1
1st,Alive,"Beckwith, Mrs. Richard Leonard",female,47,1,1,11751,52.5541992,D35,Southampton,5,,"New York, NY",1,1
1st,Alive,"Behr, Mr. Karl Howell",male,26,0,0,111369,30,C148,Cherbourg,5,,"New York, NY",1,1
1st,Alive,"Bidois, Miss. Rosalie",female,42,0,0,PC 17757,227.524994,,Cherbourg,4,,,1,1
1st,Alive,"Bird, Miss. Ellen",female,29,0,0,PC 17483,221.779205,C97,Southampton,8,,,1,1
1st,Dead,"Birnbaum, Mr. Jakob",male,25,0,0,13905,26,,Cherbourg,,148,"San Francisco, CA",0,1
1st,Alive,"Bishop, Mr. Dickinson H",male,25,1,0,11967,91.0792007,B49,Cherbourg,7,,"Dowagiac, MI",1,1
1st,Alive,"Bishop, Mrs. Dickinson H (Helen",female,19,1,0,11967,91.0792007,B49,Cherbourg,7,,"Dowagiac, MI",1,1
1st,Alive,"Bissette, Miss. Amelia",female,35,0,0,PC 17760,135.633301,C99,Southampton,8,,,1,1
1st,Alive,"Bjornstrom-Steffansson, Mr. Mau",male,28,0,0,110564,26.5499992,C52,Southampton,D,,"Stockholm, Sweden / Washington,",1,1
1st,Dead,"Blackwell, Mr. Stephen Weart",male,45,0,0,113784,35.5,T,Southampton,,,"Trenton, NJ",0,1
1st,Alive,"Blank, Mr. Henry",male,40,0,0,112277,31,A31,Cherbourg,7,,"Glen Ridge, NJ",1,1
1st,Alive,"Bonnell, Miss. Caroline",female,30,0,0,36928,164.866699,C7,Southampton,8,,"Youngstown, OH",1,1
1st,Alive,"Bonnell, Miss. Elizabeth",female,58,0,0,113783,26.5499992,C103,Southampton,8,,"Birkdale, England Cleveland, Oh",1,1
1st,Dead,"Borebank, Mr. John James",male,42,0,0,110489,26.5499992,D22,Southampton,,,"London / Winnipeg, MB",0,1
1st,Alive,"Bowen, Miss. Grace Scott",female,45,0,0,PC 17608,262.375,,Cherbourg,4,,"Cooperstown, NY",1,1
1st,Alive,"Bowerman, Miss. Elsie Edith",female,22,0,1,113505,55,E33,Southampton,6,,"St Leords-on-Sea, England Ohi",1,1
1st,Alive,"Bradley, Mr. George (\""George Ar",male,,0,0,111427,26.5499992,,Southampton,9,,"Los Angeles, CA",1,1
1st,Dead,"Brady, Mr. John Bertram",male,41,0,0,113054,30.5,A21,Southampton,,,"Pomeroy, WA",0,1
1st,Dead,"Brandeis, Mr. Emil",male,48,0,0,PC 17591,50.4958,B10,Cherbourg,,208,"Omaha, NE",0,1
1st,Dead,"Brewe, Dr. Arthur Jackson",male,,0,0,112379,39.5999985,,Cherbourg,,,"Philadelphia, PA",0,1
1st,Alive,"Brown, Mrs. James Joseph (Marga",female,44,0,0,PC 17610,27.7208004,B4,Cherbourg,6,,"Denver, CO",1,1
1st,Alive,"Brown, Mrs. John Murray (Caroli",female,59,2,0,11769,51.4791985,C101,Southampton,D,,"Belmont, MA",1,1
1st,Alive,"Bucknell, Mrs. William Robert (",female,60,0,0,11813,76.2917023,D15,Cherbourg,8,,"Philadelphia, PA",1,1
1st,Alive,"Burns, Miss. Elizabeth Margaret",female,41,0,0,16966,134.5,E40,Cherbourg,3,,,1,1
1st,Dead,"Butt, Major. Archibald Willingh",male,45,0,0,113050,26.5499992,B38,Southampton,,,"Washington, DC",0,1
1st,Dead,"Cairns, Mr. Alexander",male,,0,0,113798,31,,Southampton,,,,0,1
1st,Alive,"Calderhead, Mr. Edward Penningt",male,42,0,0,PC 17476,26.2875004,E24,Southampton,5,,"New York, NY",1,1
1st,Alive,"Candee, Mrs. Edward (Helen Chur",female,53,0,0,PC 17606,27.4458008,,Cherbourg,6,,"Washington, DC",1,1
1st,Alive,"Cardeza, Mr. Thomas Drake Marti",male,36,0,1,PC 17755,512.329224,B51 B53 B55,Cherbourg,3,,"Austria-Hungary / Germantown, P",1,1
1st,Alive,"Cardeza, Mrs. James Warburton M",female,58,0,1,PC 17755,512.329224,B51 B53 B55,Cherbourg,3,,"Germantown, Philadelphia, PA",1,1
1st,Dead,"Carlsson, Mr. Frans Olof",male,33,0,0,695,5,B51 B53 B55,Southampton,,,"New York, NY",0,1
1st,Dead,"Carrau, Mr. Francisco M",male,28,0,0,113059,47.0999985,,Southampton,,,"Montevideo, Uruguay",0,1
1st,Dead,"Carrau, Mr. Jose Pedro",male,17,0,0,113059,47.0999985,,Southampton,,,"Montevideo, Uruguay",0,1
1st,Alive,"Carter, Master. William Thornto",male,11,1,2,113760,120,B96 B98,Southampton,4,,"Bryn Mawr, PA",1,1
1st,Alive,"Carter, Miss. Lucile Polk",female,14,1,2,113760,120,B96 B98,Southampton,4,,"Bryn Mawr, PA",1,1
1st,Alive,"Carter, Mr. William Ernest",male,36,1,2,113760,120,B96 B98,Southampton,C,,"Bryn Mawr, PA",1,1
1st,Alive,"Carter, Mrs. William Ernest (Lu",female,36,1,2,113760,120,B96 B98,Southampton,4,,"Bryn Mawr, PA",1,1
1st,Dead,"Case, Mr. Howard Brown",male,49,0,0,19924,26,,Southampton,,,"Ascot, Berkshire / Rochester, N",0,1
1st,Alive,"Cassebeer, Mrs. Henry Arthur Jr",female,,0,0,17770,27.7208004,,Cherbourg,5,,"New York, NY",1,1
1st,Dead,"Cavendish, Mr. Tyrell William",male,36,1,0,19877,78.8499985,C46,Southampton,,172,"Little Onn Hall, Staffs",0,1
1st,Alive,"Cavendish, Mrs. Tyrell William",female,76,1,0,19877,78.8499985,C46,Southampton,6,,"Little Onn Hall, Staffs",1,1
1st,Dead,"Chaffee, Mr. Herbert Fuller",male,46,1,0,W.E.P. 5734,61.1749992,E31,Southampton,,,"Amenia, ND",0,1
1st,Alive,"Chaffee, Mrs. Herbert Fuller (C",female,47,1,0,W.E.P. 5734,61.1749992,E31,Southampton,4,,"Amenia, ND",1,1
1st,Alive,"Chambers, Mr. Norman Campbell",male,27,1,0,113806,53.0999985,E8,Southampton,5,,"New York, NY / Ithaca, NY",1,1
1st,Alive,"Chambers, Mrs. Norman Campbell",female,33,1,0,113806,53.0999985,E8,Southampton,5,,"New York, NY / Ithaca, NY",1,1
1st,Alive,"Chaudanson, Miss. Victorine",female,36,0,0,PC 17608,262.375,B61,Cherbourg,4,,,1,1
1st,Alive,"Cherry, Miss. Gladys",female,30,0,0,110152,86.5,B77,Southampton,8,,"London, England",1,1
1st,Alive,"Chevre, Mr. Paul Romaine",male,45,0,0,PC 17594,29.7000008,A9,Cherbourg,7,,"Paris, France",1,1
1st,Alive,"Chibnall, Mrs. (Edith Martha Bo",female,,0,1,113505,55,E33,Southampton,6,,"St Leords-on-Sea, England Ohi",1,1
1st,Dead,"Chisholm, Mr. Roderick Robert C",male,,0,0,112051,0,,Southampton,,,"Liverpool, England / Belfast",0,1
1st,Dead,"Clark, Mr. Walter Miller",male,27,1,0,13508,136.779205,C89,Cherbourg,,,"Los Angeles, CA",0,1
1st,Alive,"Clark, Mrs. Walter Miller (Virg",female,26,1,0,13508,136.779205,C89,Cherbourg,4,,"Los Angeles, CA",1,1
1st,Alive,"Cleaver, Miss. Alice",female,22,0,0,113781,151.550003,,Southampton,11,,,1,1
1st,Dead,"Clifford, Mr. George Quincy",male,,0,0,110465,52,A14,Southampton,,,"Stoughton, MA",0,1
1st,Dead,"Colley, Mr. Edward Pomeroy",male,47,0,0,5727,25.5874996,E58,Southampton,,,"Victoria, BC",0,1
1st,Alive,"Compton, Miss. Sara Rebecca",female,39,1,1,PC 17756,83.1583023,E49,Cherbourg,14,,"Lakewood, NJ",1,1
1st,Dead,"Compton, Mr. Alexander Taylor J",male,37,1,1,PC 17756,83.1583023,E52,Cherbourg,,,"Lakewood, NJ",0,1
1st,Alive,"Compton, Mrs. Alexander Taylor",female,64,0,2,PC 17756,83.1583023,E45,Cherbourg,14,,"Lakewood, NJ",1,1
1st,Alive,"Cornell, Mrs. Robert Clifford (",female,55,2,0,11770,25.7000008,C101,Southampton,2,,"New York, NY",1,1
1st,Dead,"Crafton, Mr. John Bertram",male,,0,0,113791,26.5499992,,Southampton,,,"Roachdale, IN",0,1
1st,Dead,"Crosby, Capt. Edward Gifford",male,70,1,1,WE/P 5735,71,B22,Southampton,,269,"Milwaukee, WI",0,1
1st,Alive,"Crosby, Miss. Harriet R",female,36,0,2,WE/P 5735,71,B22,Southampton,7,,"Milwaukee, WI",1,1
1st,Alive,"Crosby, Mrs. Edward Gifford (Ca",female,64,1,1,112901,26.5499992,B26,Southampton,7,,"Milwaukee, WI",1,1
1st,Dead,"Cumings, Mr. John Bradley",male,39,1,0,PC 17599,71.2833023,C85,Cherbourg,,,"New York, NY",0,1
1st,Alive,"Cumings, Mrs. John Bradley (Flo",female,38,1,0,PC 17599,71.2833023,C85,Cherbourg,4,,"New York, NY",1,1
1st,Alive,"Daly, Mr. Peter Denis",male,51,0,0,113055,26.5499992,E17,Southampton,5 9,,"Lima, Peru",1,1
1st,Alive,"Daniel, Mr. Robert Williams",male,27,0,0,113804,30.5,,Southampton,3,,"Philadelphia, PA",1,1
1st,Alive,"Daniels, Miss. Sarah",female,33,0,0,113781,151.550003,,Southampton,8,,,1,1
1st,Dead,"Davidson, Mr. Thornton",male,31,1,0,F.C. 12750,52,B71,Southampton,,,"Montreal, PQ",0,1
1st,Alive,"Davidson, Mrs. Thornton (Orian",female,27,1,2,F.C. 12750,52,B71,Southampton,3,,"Montreal, PQ",1,1
1st,Alive,"Dick, Mr. Albert Adrian",male,31,1,0,17474,57,B20,Southampton,3,,"Calgary, AB",1,1
1st,Alive,"Dick, Mrs. Albert Adrian (Vera",female,17,1,0,17474,57,B20,Southampton,3,,"Calgary, AB",1,1
1st,Alive,"Dodge, Dr. Washington",male,53,1,1,33638,81.8582993,A34,Southampton,13,,"San Francisco, CA",1,1
1st,Alive,"Dodge, Master. Washington",male,4,0,2,33638,81.8582993,A34,Southampton,5,,"San Francisco, CA",1,1
1st,Alive,"Dodge, Mrs. Washington (Ruth Vi",female,54,1,1,33638,81.8582993,A34,Southampton,5,,"San Francisco, CA",1,1
1st,Dead,"Douglas, Mr. Walter Donald",male,50,1,0,PC 17761,106.425003,C86,Cherbourg,,62,"Deephaven, MN / Cedar Rapids, I",0,1
1st,Alive,"Douglas, Mrs. Frederick Charles",female,27,1,1,PC 17558,247.520798,B58 B60,Cherbourg,6,,"Montreal, PQ",1,1
1st,Alive,"Douglas, Mrs. Walter Donald (Ma",female,48,1,0,PC 17761,106.425003,C86,Cherbourg,2,,"Deephaven, MN / Cedar Rapids, I",1,1
1st,Alive,"Duff Gordon, Lady. (Lucille Chr",female,48,1,0,11755,39.5999985,A16,Cherbourg,1,,London / Paris,1,1
1st,Alive,"Duff Gordon, Sir. Cosmo Edmund",male,49,1,0,PC 17485,56.9291992,A20,Cherbourg,1,,London / Paris,1,1
1st,Dead,"Dulles, Mr. William Crothers",male,39,0,0,PC 17580,29.7000008,A18,Cherbourg,,133,"Philadelphia, PA",0,1
1st,Alive,"Earnshaw, Mrs. Boulton (Olive P",female,23,0,1,11767,83.1583023,C54,Cherbourg,7,,"Mt Airy, Philadelphia, PA",1,1
1st,Alive,"Endres, Miss. Caroline Louise",female,38,0,0,PC 17757,227.524994,C45,Cherbourg,4,,"New York, NY",1,1
1st,Alive,"Eustis, Miss. Elizabeth Mussey",female,54,1,0,36947,78.2667007,D20,Cherbourg,4,,"Brookline, MA",1,1
1st,Dead,"Evans, Miss. Edith Corse",female,36,0,0,PC 17531,31.6791992,A29,Cherbourg,,,"New York, NY",0,1
1st,Dead,"Farthing, Mr. John",male,,0,0,PC 17483,221.779205,C95,Southampton,,,,0,1
1st,Alive,"Flegenheim, Mrs. Alfred (Antoin",female,,0,0,PC 17598,31.6833,,Southampton,7,,"New York, NY",1,1
1st,Alive,"Fleming, Miss. Margaret",female,,0,0,17421,110.883301,,Cherbourg,4,,,1,1
1st,Alive,"Flynn, Mr. John Irwin (\""Irving\""",male,36,0,0,PC 17474,26.3875008,E25,Southampton,5,,"Brooklyn, NY",1,1
1st,Dead,"Foreman, Mr. Benjamin Laventall",male,30,0,0,113051,27.75,C111,Cherbourg,,,"New York, NY",0,1
1st,Alive,"Fortune, Miss. Alice Elizabeth",female,24,3,2,19950,263,C23 C25 C27,Southampton,10,,"Winnipeg, MB",1,1
1st,Alive,"Fortune, Miss. Ethel Flora",female,28,3,2,19950,263,C23 C25 C27,Southampton,10,,"Winnipeg, MB",1,1
1st,Alive,"Fortune, Miss. Mabel Helen",female,23,3,2,19950,263,C23 C25 C27,Southampton,10,,"Winnipeg, MB",1,1
1st,Dead,"Fortune, Mr. Charles Alexander",male,19,3,2,19950,263,C23 C25 C27,Southampton,,,"Winnipeg, MB",0,1
1st,Dead,"Fortune, Mr. Mark",male,64,1,4,19950,263,C23 C25 C27,Southampton,,,"Winnipeg, MB",0,1
1st,Alive,"Fortune, Mrs. Mark (Mary McDoug",female,60,1,4,19950,263,C23 C25 C27,Southampton,10,,"Winnipeg, MB",1,1
1st,Alive,"Francatelli, Miss. Laura Mabel",female,30,0,0,PC 17485,56.9291992,E36,Cherbourg,1,,,1,1
1st,Dead,"Franklin, Mr. Thomas Parham",male,,0,0,113778,26.5499992,D34,Southampton,,,"Westcliff-on-Sea, Essex",0,1
1st,Alive,"Frauenthal, Dr. Henry William",male,50,2,0,PC 17611,133.649994,,Southampton,5,,"New York, NY",1,1
1st,Alive,"Frauenthal, Mr. Isaac Gerald",male,43,1,0,17765,27.7208004,D40,Cherbourg,5,,"New York, NY",1,1
1st,Alive,"Frauenthal, Mrs. Henry William",female,,1,0,PC 17611,133.649994,,Southampton,5,,"New York, NY",1,1
1st,Alive,"Frolicher, Miss. Hedwig Margari",female,22,0,2,13568,49.5,B39,Cherbourg,5,,"Zurich, Switzerland",1,1
1st,Alive,"Frolicher-Stehli, Mr. Maxmillia",male,60,1,1,13567,79.1999969,B41,Cherbourg,5,,"Zurich, Switzerland",1,1
1st,Alive,"Frolicher-Stehli, Mrs. Maxmilli",female,48,1,1,13567,79.1999969,B41,Cherbourg,5,,"Zurich, Switzerland",1,1
1st,Dead,"Fry, Mr. Richard",male,,0,0,112058,0,B102,Southampton,,,,0,1
1st,Dead,"Futrelle, Mr. Jacques Heath",male,37,1,0,113803,53.0999985,C123,Southampton,,,"Scituate, MA",0,1
1st,Alive,"Futrelle, Mrs. Jacques Heath (L",female,35,1,0,113803,53.0999985,C123,Southampton,D,,"Scituate, MA",1,1
1st,Dead,"Gee, Mr. Arthur H",male,47,0,0,111320,38.5,E63,Southampton,,275,"St Anne's-on-Sea, Lancashire",0,1
1st,Alive,"Geiger, Miss. Amalie",female,35,0,0,113503,211.5,C130,Cherbourg,4,,,1,1
1st,Alive,"Gibson, Miss. Dorothy Winifred",female,22,0,1,112378,59.4000015,,Cherbourg,7,,"New York, NY",1,1
1st,Alive,"Gibson, Mrs. Leonard (Pauline C",female,45,0,1,112378,59.4000015,,Cherbourg,7,,"New York, NY",1,1
1st,Dead,"Giglio, Mr. Victor",male,24,0,0,PC 17593,79.1999969,B86,Cherbourg,,,,0,1
1st,Alive,"Goldenberg, Mr. Samuel L",male,49,1,0,17453,89.1042023,C92,Cherbourg,5,,"Paris, France / New York, NY",1,1
1st,Alive,"Goldenberg, Mrs. Samuel L (Edwi",female,,1,0,17453,89.1042023,C92,Cherbourg,5,,"Paris, France / New York, NY",1,1
1st,Dead,"Goldschmidt, Mr. George B",male,71,0,0,PC 17754,34.6542015,A5,Cherbourg,,,"New York, NY",0,1
1st,Alive,"Gracie, Col. Archibald IV",male,53,0,0,113780,28.5,C51,Cherbourg,B,,"Washington, DC",1,1
1st,Alive,"Graham, Miss. Margaret Edith",female,19,0,0,112053,30,B42,Southampton,3,,"Greenwich, CT",1,1
1st,Dead,"Graham, Mr. George Edward",male,38,0,1,PC 17582,153.462494,C91,Southampton,,147,"Winnipeg, MB",0,1
1st,Alive,"Graham, Mrs. William Thompson (",female,58,0,1,PC 17582,153.462494,C125,Southampton,3,,"Greenwich, CT",1,1
1st,Alive,"Greenfield, Mr. William Bertram",male,23,0,1,PC 17759,63.3582993,D10 D12,Cherbourg,7,,"New York, NY",1,1
1st,Alive,"Greenfield, Mrs. Leo David (Bla",female,45,0,1,PC 17759,63.3582993,D10 D12,Cherbourg,7,,"New York, NY",1,1
1st,Dead,"Guggenheim, Mr. Benjamin",male,46,0,0,PC 17593,79.1999969,B82 B84,Cherbourg,,,"New York, NY",0,1
1st,Alive,"Harder, Mr. George Achilles",male,25,1,0,11765,55.4417,E50,Cherbourg,5,,"Brooklyn, NY",1,1
1st,Alive,"Harder, Mrs. George Achilles (D",female,25,1,0,11765,55.4417,E50,Cherbourg,5,,"Brooklyn, NY",1,1
1st,Alive,"Harper, Mr. Henry Sleeper",male,48,1,0,PC 17572,76.7292023,D33,Cherbourg,3,,"New York, NY",1,1
1st,Alive,"Harper, Mrs. Henry Sleeper (Myn",female,49,1,0,PC 17572,76.7292023,D33,Cherbourg,3,,"New York, NY",1,1
1st,Dead,"Harrington, Mr. Charles H",male,,0,0,113796,42.4000015,,Southampton,,,,0,1
1st,Dead,"Harris, Mr. Henry Birkhardt",male,45,1,0,36973,83.4749985,C83,Southampton,,,"New York, NY",0,1
1st,Alive,"Harris, Mrs. Henry Birkhardt (I",female,35,1,0,36973,83.4749985,C83,Southampton,D,,"New York, NY",1,1
1st,Dead,"Harrison, Mr. William",male,40,0,0,112059,0,B94,Southampton,,110,,0,1
1st,Alive,"Hassab, Mr. Hammad",male,27,0,0,PC 17572,76.7292023,D49,Cherbourg,3,,,1,1
1st,Alive,"Hawksford, Mr. Walter James",male,,0,0,16988,30,D45,Southampton,3,,"Kingston, Surrey",1,1
1st,Alive,"Hays, Miss. Margaret Bechstein",female,24,0,0,11767,83.1583023,C54,Cherbourg,7,,"New York, NY",1,1
1st,Dead,"Hays, Mr. Charles Melville",male,55,1,1,12749,93.5,B69,Southampton,,307,"Montreal, PQ",0,1
1st,Alive,"Hays, Mrs. Charles Melville (Cl",female,52,1,1,12749,93.5,B69,Southampton,3,,"Montreal, PQ",1,1
1st,Dead,"Head, Mr. Christopher",male,42,0,0,113038,42.5,B11,Southampton,,,London / Middlesex,0,1
1st,Dead,"Hilliard, Mr. Herbert Henry",male,,0,0,17463,51.8624992,E46,Southampton,,,"Brighton, MA",0,1
1st,Dead,"Hipkins, Mr. William Edward",male,55,0,0,680,50,C39,Southampton,,,London / Birmingham,0,1
1st,Alive,"Hippach, Miss. Jean Gertrude",female,16,0,1,111361,57.9791985,B18,Cherbourg,4,,"Chicago, IL",1,1
1st,Alive,"Hippach, Mrs. Louis Albert (Ida",female,44,0,1,111361,57.9791985,B18,Cherbourg,4,,"Chicago, IL",1,1
1st,Alive,"Hogeboom, Mrs. John C (Anna And",female,51,1,0,13502,77.9582977,D11,Southampton,10,,"Hudson, NY",1,1
1st,Dead,"Holverson, Mr. Alexander Oskar",male,42,1,0,113789,52,,Southampton,,38,"New York, NY",0,1
1st,Alive,"Holverson, Mrs. Alexander Oskar",female,35,1,0,113789,52,,Southampton,8,,"New York, NY",1,1
1st,Alive,"Homer, Mr. Harry (\""Mr E Haven\"")",male,35,0,0,111426,26.5499992,,Cherbourg,15,,"Indiapolis, IN",1,1
1st,Alive,"Hoyt, Mr. Frederick Maxfield",male,38,1,0,19943,90,C93,Southampton,D,,"New York, NY /  Stamford CT",1,1
1st,Dead,"Hoyt, Mr. William Fisher",male,,0,0,PC 17600,30.6958008,,Cherbourg,14,,"New York, NY",0,1
1st,Alive,"Hoyt, Mrs. Frederick Maxfield (",female,35,1,0,19943,90,C93,Southampton,D,,"New York, NY /  Stamford CT",1,1
1st,Alive,"Icard, Miss. Amelie",female,38,0,0,113572,80,B28,,6,,,1,1
1st,Dead,"Isham, Miss. Ann Elizabeth",female,50,0,0,PC 17595,28.7124996,C49,Cherbourg,,,"Paris, France New York, NY",0,1
1st,Alive,"Ismay, Mr. Joseph Bruce",male,49,0,0,112058,0,B52 B54 B56,Southampton,C,,Liverpool,1,1
1st,Dead,"Jones, Mr. Charles Cresson",male,46,0,0,694,26,,Southampton,,80,"Bennington, VT",0,1
1st,Dead,"Julian, Mr. Henry Forbes",male,50,0,0,113044,26,E60,Southampton,,,London,0,1
1st,Dead,"Keeping, Mr. Edwin",male,32.5,0,0,113503,211.5,C132,Cherbourg,,45,,0,1
1st,Dead,"Kent, Mr. Edward Austin",male,58,0,0,11771,29.7000008,B37,Cherbourg,,258,"Buffalo, NY",0,1
1st,Dead,"Kenyon, Mr. Frederick R",male,41,1,0,17464,51.8624992,D21,Southampton,,,"Southington / Noank, CT",0,1
1st,Alive,"Kenyon, Mrs. Frederick R (Mario",female,,1,0,17464,51.8624992,D21,Southampton,8,,"Southington / Noank, CT",1,1
1st,Alive,"Kimball, Mr. Edwin Nelson Jr",male,42,1,0,11753,52.5541992,D19,Southampton,5,,"Boston, MA",1,1
1st,Alive,"Kimball, Mrs. Edwin Nelson Jr (",female,45,1,0,11753,52.5541992,D19,Southampton,5,,"Boston, MA",1,1
1st,Dead,"Klaber, Mr. Herman",male,,0,0,113028,26.5499992,C124,Southampton,,,"Portland, OR",0,1
1st,Alive,"Kreuchen, Miss. Emilie",female,39,0,0,24160,211.337494,,Southampton,2,,,1,1
1st,Alive,"Leader, Dr. Alice (Farnham)",female,49,0,0,17465,25.9291992,D17,Southampton,8,,"New York, NY",1,1
1st,Alive,"LeRoy, Miss. Bertha",female,30,0,0,PC 17761,106.425003,,Cherbourg,2,,,1,1
1st,Alive,"Lesurer, Mr. Gustave J",male,35,0,0,PC 17755,512.329224,B101,Cherbourg,3,,,1,1
1st,Dead,"Lewy, Mr. Ervin G",male,,0,0,PC 17612,27.7208004,,Cherbourg,,,"Chicago, IL",0,1
1st,Dead,"Lindeberg-Lind, Mr. Erik Gustaf",male,42,0,0,17475,26.5499992,,Southampton,,,"Stockholm, Sweden",0,1
1st,Alive,"Lindstrom, Mrs. Carl Johan (Sig",female,55,0,0,112377,27.7208004,,Cherbourg,6,,"Stockholm, Sweden",1,1
1st,Alive,"Lines, Miss. Mary Conover",female,16,0,1,PC 17592,39.4000015,D28,Southampton,9,,"Paris, France",1,1
1st,Alive,"Lines, Mrs. Ernest H (Elizabeth",female,51,0,1,PC 17592,39.4000015,D28,Southampton,9,,"Paris, France",1,1
1st,Dead,"Long, Mr. Milton Clyde",male,29,0,0,113501,30,D6,Southampton,,126,"Springfield, MA",0,1
1st,Alive,"Longley, Miss. Gretchen Fiske",female,21,0,0,13502,77.9582977,D9,Southampton,10,,"Hudson, NY",1,1
1st,Dead,"Loring, Mr. Joseph Holland",male,30,0,0,113801,45.5,,Southampton,,,"London / New York, NY",0,1
1st,Alive,"Lurette, Miss. Elise",female,58,0,0,PC 17569,146.520798,B80,Cherbourg,,,,1,1
1st,Alive,"Madill, Miss. Georgette Alexand",female,15,0,1,24160,211.337494,B5,Southampton,2,,"St Louis, MO",1,1
1st,Dead,"Maguire, Mr. John Edward",male,30,0,0,110469,26,C106,Southampton,,,"Brockton, MA",0,1
1st,Alive,"Maioni, Miss. Roberta",female,16,0,0,110152,86.5,B79,Southampton,8,,,1,1
1st,Alive,"Marechal, Mr. Pierre",male,,0,0,11774,29.7000008,C47,Cherbourg,7,,"Paris, France",1,1
1st,Dead,"Marvin, Mr. Daniel Warner",male,19,1,0,113773,53.0999985,D30,Southampton,,,"New York, NY",0,1
1st,Alive,"Marvin, Mrs. Daniel Warner (Mar",female,18,1,0,113773,53.0999985,D30,Southampton,10,,"New York, NY",1,1
1st,Alive,"Mayne, Mlle. Berthe Antonine (\""",female,24,0,0,PC 17482,49.5042,C90,Cherbourg,6,,"Belgium  Montreal, PQ",1,1
1st,Dead,"McCaffry, Mr. Thomas Francis",male,46,0,0,13050,75.2416992,C6,Cherbourg,,292,"Vancouver, BC",0,1
1st,Dead,"McCarthy, Mr. Timothy J",male,54,0,0,17463,51.8624992,E46,Southampton,,175,"Dorchester, MA",0,1
1st,Alive,"McGough, Mr. James Robert",male,36,0,0,PC 17473,26.2875004,E25,Southampton,7,,"Philadelphia, PA",1,1
1st,Dead,"Meyer, Mr. Edgar Joseph",male,28,1,0,PC 17604,82.1707993,,Cherbourg,,,"New York, NY",0,1
1st,Alive,"Meyer, Mrs. Edgar Joseph (Leila",female,,1,0,PC 17604,82.1707993,,Cherbourg,6,,"New York, NY",1,1
1st,Dead,"Millet, Mr. Francis Davis",male,65,0,0,13509,26.5499992,E38,Southampton,,249,"East Bridgewater, MA",0,1
1st,Dead,"Minahan, Dr. William Edward",male,44,2,0,19928,90,C78,Queenstown,,230,"Fond du Lac, WI",0,1
1st,Alive,"Minahan, Miss. Daisy E",female,33,1,0,19928,90,C78,Queenstown,14,,"Green Bay, WI",1,1
1st,Alive,"Minahan, Mrs. William Edward (L",female,37,1,0,19928,90,C78,Queenstown,14,,"Fond du Lac, WI",1,1
1st,Alive,"Mock, Mr. Philipp Edmund",male,30,1,0,13236,57.75,C78,Cherbourg,11,,"New York, NY",1,1
1st,Dead,"Molson, Mr. Harry Markland",male,55,0,0,113787,30.5,C30,Southampton,,,"Montreal, PQ",0,1
1st,Dead,"Moore, Mr. Clarence Bloomfield",male,47,0,0,113796,42.4000015,,Southampton,,,"Washington, DC",0,1
1st,Dead,"Natsch, Mr. Charles H",male,37,0,1,PC 17596,29.7000008,C118,Cherbourg,,,"Brooklyn, NY",0,1
1st,Alive,"Newell, Miss. Madeleine",female,31,1,0,35273,113.275002,D36,Cherbourg,6,,"Lexington, MA",1,1
1st,Alive,"Newell, Miss. Marjorie",female,23,1,0,35273,113.275002,D36,Cherbourg,6,,"Lexington, MA",1,1
1st,Dead,"Newell, Mr. Arthur Webster",male,58,0,2,35273,113.275002,D48,Cherbourg,,122,"Lexington, MA",0,1
1st,Alive,"Newsom, Miss. Helen Monypeny",female,19,0,2,11752,26.2833004,D47,Southampton,5,,"New York, NY",1,1
1st,Dead,"Nicholson, Mr. Arthur Ernest",male,64,0,0,693,26,,Southampton,,263,"Isle of Wight, England",0,1
1st,Alive,"Oliva y Ocana, Dona. Fermina",female,39,0,0,PC 17758,108.900002,C105,Cherbourg,8,,,1,1
1st,Alive,"Omont, Mr. Alfred Fernand",male,,0,0,F.C. 12998,25.7416992,,Cherbourg,7,,"Paris, France",1,1
1st,Alive,"Ostby, Miss. Helene Ragnhild",female,22,0,1,113509,61.9791985,B36,Cherbourg,5,,"Providence, RI",1,1
1st,Dead,"Ostby, Mr. Engelhart Cornelius",male,65,0,1,113509,61.9791985,B30,Cherbourg,,234,"Providence, RI",0,1
1st,Dead,"Ovies y Rodriguez, Mr. Servando",male,28.5,0,0,PC 17562,27.7208004,D43,Cherbourg,,189,"?Hava, Cuba",0,1
1st,Dead,"Parr, Mr. William Henry Marsh",male,,0,0,112052,0,,Southampton,,,Belfast,0,1
1st,Dead,"Partner, Mr. Austen",male,45.5,0,0,113043,28.5,C124,Southampton,,166,"Surbiton Hill, Surrey",0,1
1st,Dead,"Payne, Mr. Vivian Ponsonby",male,23,0,0,12749,93.5,B24,Southampton,,,"Montreal, PQ",0,1
1st,Dead,"Pears, Mr. Thomas Clinton",male,29,1,0,113776,66.5999985,C2,Southampton,,,"Isleworth, England",0,1
1st,Alive,"Pears, Mrs. Thomas (Edith Wearn",female,22,1,0,113776,66.5999985,C2,Southampton,8,,"Isleworth, England",1,1
1st,Dead,"Penasco y Castellana, Mr. Victo",male,18,1,0,PC 17758,108.900002,C65,Cherbourg,,,"Madrid, Spain",0,1
1st,Alive,"Penasco y Castellana, Mrs. Vict",female,17,1,0,PC 17758,108.900002,C65,Cherbourg,8,,"Madrid, Spain",1,1
1st,Alive,"Perreault, Miss. Anne",female,30,0,0,12749,93.5,B73,Southampton,3,,,1,1
1st,Alive,"Peuchen, Major. Arthur Godfrey",male,52,0,0,113786,30.5,C104,Southampton,6,,"Toronto, ON",1,1
1st,Dead,"Porter, Mr. Walter Chamberlain",male,47,0,0,110465,52,C110,Southampton,,207,"Worcester, MA",0,1
1st,Alive,"Potter, Mrs. Thomas Jr (Lily Al",female,56,0,1,11767,83.1583023,C50,Cherbourg,7,,"Mt Airy, Philadelphia, PA",1,1
1st,Dead,"Reuchlin, Jonkheer. John George",male,38,0,0,19972,0,,Southampton,,,"Rotterdam, Netherlands",0,1
1st,Alive,"Rheims, Mr. George Alexander Lu",male,,0,0,PC 17607,39.5999985,,Southampton,A,,"Paris /  New York, NY",1,1
1st,Dead,"Ringhini, Mr. Sante",male,22,0,0,PC 17760,135.633301,,Cherbourg,,232,,0,1
1st,Dead,"Robbins, Mr. Victor",male,,0,0,PC 17757,227.524994,,Cherbourg,,,,0,1
1st,Alive,"Robert, Mrs. Edward Scott (Elis",female,43,0,1,24160,211.337494,B3,Southampton,2,,"St Louis, MO",1,1
1st,Dead,"Roebling, Mr. Washington August",male,31,0,0,PC 17590,50.4958,A24,Southampton,,,"Trenton, NJ",0,1
1st,Alive,"Romaine, Mr. Charles Hallace (\""",male,45,0,0,111428,26.5499992,,Southampton,9,,"New York, NY",1,1
1st,Dead,"Rood, Mr. Hugh Roscoe",male,,0,0,113767,50,A32,Southampton,,,"Seattle, WA",0,1
1st,Alive,"Rosenbaum, Miss. Edith Louise",female,33,0,0,PC 17613,27.7208004,A11,Cherbourg,11,,"Paris, France",1,1
1st,Dead,"Rosenshine, Mr. George (\""Mr Geo",male,46,0,0,PC 17585,79.1999969,,Cherbourg,,16,"New York, NY",0,1
1st,Dead,"Ross, Mr. John Hugo",male,36,0,0,13049,40.125,A10,Cherbourg,,,"Winnipeg, MB",0,1
1st,Alive,"Rothes, the Countess. of (Lucy",female,33,0,0,110152,86.5,B77,Southampton,8,,"London  Vancouver, BC",1,1
1st,Dead,"Rothschild, Mr. Martin",male,55,1,0,PC 17603,59.4000015,,Cherbourg,,,"New York, NY",0,1
1st,Alive,"Rothschild, Mrs. Martin (Elizab",female,54,1,0,PC 17603,59.4000015,,Cherbourg,6,,"New York, NY",1,1
1st,Dead,"Rowe, Mr. Alfred G",male,33,0,0,113790,26.5499992,,Southampton,,109,London,0,1
1st,Alive,"Ryerson, Master. John Borie",male,13,2,2,PC 17608,262.375,B57 B59 B63 B66,Cherbourg,4,,"Haverford, PA / Cooperstown, NY",1,1
1st,Alive,"Ryerson, Miss. Emily Borie",female,18,2,2,PC 17608,262.375,B57 B59 B63 B66,Cherbourg,4,,"Haverford, PA / Cooperstown, NY",1,1
1st,Alive,"Ryerson, Miss. Susan Parker \""Su",female,21,2,2,PC 17608,262.375,B57 B59 B63 B66,Cherbourg,4,,"Haverford, PA / Cooperstown, NY",1,1
1st,Dead,"Ryerson, Mr. Arthur Larned",male,61,1,3,PC 17608,262.375,B57 B59 B63 B66,Cherbourg,,,"Haverford, PA / Cooperstown, NY",0,1
1st,Alive,"Ryerson, Mrs. Arthur Larned (Em",female,48,1,3,PC 17608,262.375,B57 B59 B63 B66,Cherbourg,4,,"Haverford, PA / Cooperstown, NY",1,1
1st,Alive,"Saalfeld, Mr. Adolphe",male,,0,0,19988,30.5,C106,Southampton,3,,"Manchester, England",1,1
1st,Alive,"Sagesser, Mlle. Emma",female,24,0,0,PC 17477,69.3000031,B35,Cherbourg,9,,,1,1
1st,Alive,"Salomon, Mr. Abraham L",male,,0,0,111163,26,,Southampton,1,,"New York, NY",1,1
1st,Alive,"Schabert, Mrs. Paul (Emma Mock)",female,35,1,0,13236,57.75,C28,Cherbourg,11,,"New York, NY",1,1
1st,Alive,"Serepeca, Miss. Augusta",female,30,0,0,113798,31,,Cherbourg,4,,,1,1
1st,Alive,"Seward, Mr. Frederic Kimber",male,34,0,0,113794,26.5499992,,Southampton,7,,"New York, NY",1,1
1st,Alive,"Shutes, Miss. Elizabeth W",female,40,0,0,PC 17582,153.462494,C125,Southampton,3,,"New York, NY / Greenwich CT",1,1
1st,Alive,"Silverthorne, Mr. Spencer Victo",male,35,0,0,PC 17475,26.2875004,E24,Southampton,5,,"St Louis, MO",1,1
1st,Dead,"Silvey, Mr. William Baird",male,50,1,0,13507,55.9000015,E44,Southampton,,,"Duluth, MN",0,1
1st,Alive,"Silvey, Mrs. William Baird (Ali",female,39,1,0,13507,55.9000015,E44,Southampton,11,,"Duluth, MN",1,1
1st,Alive,"Simonius-Blumer, Col. Oberst Al",male,56,0,0,13213,35.5,A26,Cherbourg,3,,"Basel, Switzerland",1,1
1st,Alive,"Sloper, Mr. William Thompson",male,28,0,0,113788,35.5,A6,Southampton,7,,"New Britain, CT",1,1
1st,Dead,"Smart, Mr. John Montgomery",male,56,0,0,113792,26.5499992,,Southampton,,,"New York, NY",0,1
1st,Dead,"Smith, Mr. James Clinch",male,56,0,0,17764,30.6958008,A7,Cherbourg,,,"St James, Long Island, NY",0,1
1st,Dead,"Smith, Mr. Lucien Philip",male,24,1,0,13695,60,C31,Southampton,,,"Huntington, WV",0,1
1st,Dead,"Smith, Mr. Richard William",male,,0,0,113056,26,A19,Southampton,,,"Streatham, Surrey",0,1
1st,Alive,"Smith, Mrs. Lucien Philip (Mary",female,18,1,0,13695,60,C31,Southampton,6,,"Huntington, WV",1,1
1st,Alive,"Snyder, Mr. John Pillsbury",male,24,1,0,21228,82.2667007,B45,Southampton,7,,"Minneapolis, MN",1,1
1st,Alive,"Snyder, Mrs. John Pillsbury (Ne",female,23,1,0,21228,82.2667007,B45,Southampton,7,,"Minneapolis, MN",1,1
1st,Alive,"Spedden, Master. Robert Douglas",male,6,0,2,16966,134.5,E34,Cherbourg,3,,"Tuxedo Park, NY",1,1
1st,Alive,"Spedden, Mr. Frederic Oakley",male,45,1,1,16966,134.5,E34,Cherbourg,3,,"Tuxedo Park, NY",1,1
1st,Alive,"Spedden, Mrs. Frederic Oakley (",female,40,1,1,16966,134.5,E34,Cherbourg,3,,"Tuxedo Park, NY",1,1
1st,Dead,"Spencer, Mr. William Augustus",male,57,1,0,PC 17569,146.520798,B78,Cherbourg,,,"Paris, France",0,1
1st,Alive,"Spencer, Mrs. William Augustus",female,,1,0,PC 17569,146.520798,B78,Cherbourg,6,,"Paris, France",1,1
1st,Alive,"Stahelin-Maeglin, Dr. Max",male,32,0,0,13214,30.5,B50,Cherbourg,3,,"Basel, Switzerland",1,1
1st,Dead,"Stead, Mr. William Thomas",male,62,0,0,113514,26.5499992,C87,Southampton,,,"Wimbledon Park, London / Haylin",0,1
1st,Alive,"Stengel, Mr. Charles Emil Henry",male,54,1,0,11778,55.4417,C116,Cherbourg,1,,"Newark, NJ",1,1
1st,Alive,"Stengel, Mrs. Charles Emil Henr",female,43,1,0,11778,55.4417,C116,Cherbourg,5,,"Newark, NJ",1,1
1st,Alive,"Stephenson, Mrs. Walter Bertram",female,52,1,0,36947,78.2667007,D20,Cherbourg,4,,"Haverford, PA",1,1
1st,Dead,"Stewart, Mr. Albert A",male,,0,0,PC 17605,27.7208004,,Cherbourg,,,"Gallipolis, Ohio / ? Paris / Ne",0,1
1st,Alive,"Stone, Mrs. George Nelson (Mart",female,62,0,0,113572,80,B28,,6,,"Cincitti, OH",1,1
1st,Dead,"Straus, Mr. Isidor",male,67,1,0,PC 17483,221.779205,C55 C57,Southampton,,96,"New York, NY",0,1
1st,Dead,"Straus, Mrs. Isidor (Rosalie Id",female,63,1,0,PC 17483,221.779205,C55 C57,Southampton,,,"New York, NY",0,1
1st,Dead,"Sutton, Mr. Frederick",male,61,0,0,36963,32.3208008,D50,Southampton,,46,"Haddenfield, NJ",0,1
1st,Alive,"Swift, Mrs. Frederick Joel (Mar",female,48,0,0,17466,25.9291992,D17,Southampton,8,,"Brooklyn, NY",1,1
1st,Alive,"Taussig, Miss. Ruth",female,18,0,2,110413,79.6500015,E68,Southampton,8,,"New York, NY",1,1
1st,Dead,"Taussig, Mr. Emil",male,52,1,1,110413,79.6500015,E67,Southampton,,,"New York, NY",0,1
1st,Alive,"Taussig, Mrs. Emil (Tillie Mand",female,39,1,1,110413,79.6500015,E67,Southampton,8,,"New York, NY",1,1
1st,Alive,"Taylor, Mr. Elmer Zebley",male,48,1,0,19996,52,C126,Southampton,5 7,,"London /  East Orange, NJ",1,1
1st,Alive,"Taylor, Mrs. Elmer Zebley (Juli",female,,1,0,19996,52,C126,Southampton,5 7,,"London /  East Orange, NJ",1,1
1st,Dead,"Thayer, Mr. John Borland",male,49,1,1,17421,110.883301,C68,Cherbourg,,,"Haverford, PA",0,1
1st,Alive,"Thayer, Mr. John Borland Jr",male,17,0,2,17421,110.883301,C70,Cherbourg,B,,"Haverford, PA",1,1
1st,Alive,"Thayer, Mrs. John Borland (Mari",female,39,1,1,17421,110.883301,C68,Cherbourg,4,,"Haverford, PA",1,1
1st,Alive,"Thorne, Mrs. Gertrude Maybelle",female,,0,0,PC 17585,79.1999969,,Cherbourg,D,,"New York, NY",1,1
1st,Alive,"Tucker, Mr. Gilbert Milligan Jr",male,31,0,0,2543,28.5375004,C53,Cherbourg,7,,"Albany, NY",1,1
1st,Dead,"Uruchurtu, Don. Manuel E",male,40,0,0,PC 17601,27.7208004,,Cherbourg,,,"Mexico City, Mexico",0,1
1st,Dead,"Van der hoef, Mr. Wyckoff",male,61,0,0,111240,33.5,B19,Southampton,,245,"Brooklyn, NY",0,1
1st,Dead,"Walker, Mr. William Anderson",male,47,0,0,36967,34.0208015,D46,Southampton,,,"East Orange, NJ",0,1
1st,Alive,"Ward, Miss. Anna",female,35,0,0,PC 17755,512.329224,,Cherbourg,3,,,1,1
1st,Dead,"Warren, Mr. Frank Manley",male,64,1,0,110813,75.25,D37,Cherbourg,,,"Portland, OR",0,1
1st,Alive,"Warren, Mrs. Frank Manley (Anna",female,60,1,0,110813,75.25,D37,Cherbourg,5,,"Portland, OR",1,1
1st,Dead,"Weir, Col. John",male,60,0,0,113800,26.5499992,,Southampton,,,"England Salt Lake City, Utah",0,1
1st,Dead,"White, Mr. Percival Wayland",male,54,0,1,35281,77.2874985,D26,Southampton,,,"Brunswick, ME",0,1
1st,Dead,"White, Mr. Richard Frasar",male,21,0,1,35281,77.2874985,D26,Southampton,,169,"Brunswick, ME",0,1
1st,Alive,"White, Mrs. John Stuart (Ella H",female,55,0,0,PC 17760,135.633301,C32,Cherbourg,8,,"New York, NY / Briarcliff Manor",1,1
1st,Alive,"Wick, Miss. Mary Natalie",female,31,0,2,36928,164.866699,C7,Southampton,8,,"Youngstown, OH",1,1
1st,Dead,"Wick, Mr. George Dennick",male,57,1,1,36928,164.866699,,Southampton,,,"Youngstown, OH",0,1
1st,Alive,"Wick, Mrs. George Dennick (Mary",female,45,1,1,36928,164.866699,,Southampton,8,,"Youngstown, OH",1,1
1st,Dead,"Widener, Mr. George Dunton",male,50,1,1,113503,211.5,C80,Cherbourg,,,"Elkins Park, PA",0,1
1st,Dead,"Widener, Mr. Harry Elkins",male,27,0,2,113503,211.5,C82,Cherbourg,,,"Elkins Park, PA",0,1
1st,Alive,"Widener, Mrs. George Dunton (El",female,50,1,1,113503,211.5,C80,Cherbourg,4,,"Elkins Park, PA",1,1
1st,Alive,"Willard, Miss. Constance",female,21,0,0,113795,26.5499992,,Southampton,8 10,,"Duluth, MN",1,1
1st,Dead,"Williams, Mr. Charles Duane",male,51,0,1,PC 17597,61.3792,,Cherbourg,,,"Geneva, Switzerland / Radnor, P",0,1
1st,Alive,"Williams, Mr. Richard Norris II",male,21,0,1,PC 17597,61.3792,,Cherbourg,A,,"Geneva, Switzerland / Radnor, P",1,1
1st,Dead,"Williams-Lambert, Mr. Fletcher",male,,0,0,113510,35,C128,Southampton,,,"London, England",0,1
1st,Alive,"Wilson, Miss. Helen Alice",female,31,0,0,16966,134.5,E39 E41,Cherbourg,3,,,1,1
1st,Alive,"Woolner, Mr. Hugh",male,,0,0,19947,35.5,C52,Southampton,D,,"London, England",1,1
1st,Dead,"Wright, Mr. George",male,62,0,0,113807,26.5499992,,Southampton,,,"Halifax, NS",0,1
1st,Alive,"Young, Miss. Marie Grice",female,36,0,0,PC 17760,135.633301,C32,Cherbourg,8,,"New York, NY / Washington, DC",1,1
2nd,Dead,"Abelson, Mr. Samuel",male,30,1,0,P/PP 3381,24,,Cherbourg,,,"Russia New York, NY",0,2
2nd,Alive,"Abelson, Mrs. Samuel (Hannah Wi",female,28,1,0,P/PP 3381,24,,Cherbourg,10,,"Russia New York, NY",1,2
2nd,Dead,"Aldworth, Mr. Charles Augustus",male,30,0,0,248744,13,,Southampton,,,"Bryn Mawr, PA, USA",0,2
2nd,Dead,"Andrew, Mr. Edgardo Samuel",male,18,0,0,231945,11.5,,Southampton,,,"Buenos Aires, Argenti / New J",0,2
2nd,Dead,"Andrew, Mr. Frank Thomas",male,25,0,0,C.A. 34050,10.5,,Southampton,,,"Cornwall, England Houghton, MI",0,2
2nd,Dead,"Angle, Mr. William A",male,34,1,0,226875,26,,Southampton,,,"Warwick, England",0,2
2nd,Alive,"Angle, Mrs. William A (Florence",female,36,1,0,226875,26,,Southampton,11,,"Warwick, England",1,2
2nd,Dead,"Ashby, Mr. John",male,57,0,0,244346,13,,Southampton,,,"West Hoboken, NJ",0,2
2nd,Dead,"Bailey, Mr. Percy Andrew",male,18,0,0,29108,11.5,,Southampton,,,"Penzance, Cornwall / Akron, OH",0,2
2nd,Dead,"Baimbrigge, Mr. Charles Robert",male,23,0,0,C.A. 31030,10.5,,Southampton,,,Guernsey,0,2
2nd,Alive,"Ball, Mrs. (Ada E Hall)",female,36,0,0,28551,13,D,Southampton,10,,"Bristol, Avon / Jacksonville, F",1,2
2nd,Dead,"Banfield, Mr. Frederick James",male,28,0,0,C.A./SOTON 34068,10.5,,Southampton,,,"Plymouth, Dorset / Houghton, MI",0,2
2nd,Dead,"Bateman, Rev. Robert James",male,51,0,0,S.O.P. 1166,12.5249996,,Southampton,,174,"Jacksonville, FL",0,2
2nd,Alive,"Beane, Mr. Edward",male,32,1,0,2908,26,,Southampton,13,,"Norwich / New York, NY",1,2
2nd,Alive,"Beane, Mrs. Edward (Ethel Clark",female,19,1,0,2908,26,,Southampton,13,,"Norwich / New York, NY",1,2
2nd,Dead,"Beauchamp, Mr. Henry James",male,28,0,0,244358,26,,Southampton,,,England,0,2
2nd,Alive,"Becker, Master. Richard F",male,1,2,1,230136,39,F4,Southampton,11,,"Guntur, India / Benton Harbour,",1,2
2nd,Alive,"Becker, Miss. Marion Louise",female,4,2,1,230136,39,F4,Southampton,11,,"Guntur, India / Benton Harbour,",1,2
2nd,Alive,"Becker, Miss. Ruth Elizabeth",female,12,2,1,230136,39,F4,Southampton,13,,"Guntur, India / Benton Harbour,",1,2
2nd,Alive,"Becker, Mrs. Allen Oliver (Nell",female,36,0,3,230136,39,F4,Southampton,11,,"Guntur, India / Benton Harbour,",1,2
2nd,Alive,"Beesley, Mr. Lawrence",male,34,0,0,248698,13,D56,Southampton,13,,London,1,2
2nd,Alive,"Bentham, Miss. Lilian W",female,19,0,0,28404,13,,Southampton,12,,"Rochester, NY",1,2
2nd,Dead,"Berriman, Mr. William John",male,23,0,0,28425,13,,Southampton,,,"St Ives, Cornwall / Calumet, MI",0,2
2nd,Dead,"Botsford, Mr. William Hull",male,26,0,0,237670,13,,Southampton,,,"Elmira, NY / Orange, NJ",0,2
2nd,Dead,"Bowenur, Mr. Solomon",male,42,0,0,211535,13,,Southampton,,,London,0,2
2nd,Dead,"Bracken, Mr. James H",male,27,0,0,220367,13,,Southampton,,,"Lake Arthur, Chavez County, NM",0,2
2nd,Alive,"Brown, Miss. Amelia \""Mildred\""",female,24,0,0,248733,13,F33,Southampton,11,,"London / Montreal, PQ",1,2
2nd,Alive,"Brown, Miss. Edith Eileen",female,15,0,2,29750,39,,Southampton,14,,"Cape Town, South Africa / Seatt",1,2
2nd,Dead,"Brown, Mr. Thomas William Solom",male,60,1,1,29750,39,,Southampton,,,"Cape Town, South Africa / Seatt",0,2
2nd,Alive,"Brown, Mrs. Thomas William Solo",female,40,1,1,29750,39,,Southampton,14,,"Cape Town, South Africa / Seatt",1,2
2nd,Alive,"Bryhl, Miss. Dagmar Jenny Ingeb",female,20,1,0,236853,26,,Southampton,12,,"Skara, Sweden / Rockford, IL",1,2
2nd,Dead,"Bryhl, Mr. Kurt Arnold Gottfrid",male,25,1,0,236853,26,,Southampton,,,"Skara, Sweden / Rockford, IL",0,2
2nd,Alive,"Buss, Miss. Kate",female,36,0,0,27849,13,,Southampton,9,,"Sittingbourne, England / San Di",1,2
2nd,Dead,"Butler, Mr. Reginald Fenton",male,25,0,0,234686,13,,Southampton,,97,"Southsea, Hants",0,2
2nd,Dead,"Byles, Rev. Thomas Roussel Davi",male,42,0,0,244310,13,,Southampton,,,London,0,2
2nd,Alive,"Bystrom, Mrs. (Karolina)",female,42,0,0,236852,13,,Southampton,,,"New York, NY",1,2
2nd,Alive,"Caldwell, Master. Alden Gates",male,0.833299994,0,2,248738,29,,Southampton,13,,"Bangkok, Thailand / Roseville,",1,2
2nd,Alive,"Caldwell, Mr. Albert Francis",male,26,1,1,248738,29,,Southampton,13,,"Bangkok, Thailand / Roseville,",1,2
2nd,Alive,"Caldwell, Mrs. Albert Francis (",female,22,1,1,248738,29,,Southampton,13,,"Bangkok, Thailand / Roseville,",1,2
2nd,Alive,"Cameron, Miss. Clear Annie",female,35,0,0,F.C.C. 13528,21,,Southampton,14,,"Mamaroneck, NY",1,2
2nd,Dead,"Campbell, Mr. William",male,,0,0,239853,0,,Southampton,,,Belfast,0,2
2nd,Dead,"Carbines, Mr. William",male,19,0,0,28424,13,,Southampton,,18,"St Ives, Cornwall / Calumet, MI",0,2
2nd,Dead,"Carter, Mrs. Ernest Courtenay (",female,44,1,0,244252,26,,Southampton,,,London,0,2
2nd,Dead,"Carter, Rev. Ernest Courtenay",male,54,1,0,244252,26,,Southampton,,,London,0,2
2nd,Dead,"Chapman, Mr. Charles Henry",male,52,0,0,248731,13.5,,Southampton,,130,"Bronx, NY",0,2
2nd,Dead,"Chapman, Mr. John Henry",male,37,1,0,SC/AH 29037,26,,Southampton,,17,"Cornwall / Spokane, WA",0,2
2nd,Dead,"Chapman, Mrs. John Henry (Sara",female,29,1,0,SC/AH 29037,26,,Southampton,,,"Cornwall / Spokane, WA",0,2
2nd,Alive,"Christy, Miss. Julie Rachel",female,25,1,1,237789,30,,Southampton,12,,London,1,2
2nd,Alive,"Christy, Mrs. (Alice Frances)",female,45,0,2,237789,30,,Southampton,12,,London,1,2
2nd,Dead,"Clarke, Mr. Charles Valentine",male,29,1,0,2003,26,,Southampton,,,"England / San Francisco, CA",0,2
2nd,Alive,"Clarke, Mrs. Charles V (Ada Mar",female,28,1,0,2003,26,,Southampton,14,,"England / San Francisco, CA",1,2
2nd,Dead,"Coleridge, Mr. Reginald Charles",male,29,0,0,W./C. 14263,10.5,,Southampton,,,"Hartford, Huntingdonshire",0,2
2nd,Dead,"Collander, Mr. Erik Gustaf",male,28,0,0,248740,13,,Southampton,,,"Helsinki, Finland Ashtabula, Oh",0,2
2nd,Alive,"Collett, Mr. Sidney C Stuart",male,24,0,0,28034,10.5,,Southampton,9,,"London / Fort Byron, NY",1,2
2nd,Alive,"Collyer, Miss. Marjorie \""Lottie",female,8,0,2,C.A. 31921,26.25,,Southampton,14,,"Bishopstoke, Hants / Fayette Va",1,2
2nd,Dead,"Collyer, Mr. Harvey",male,31,1,1,C.A. 31921,26.25,,Southampton,,,"Bishopstoke, Hants / Fayette Va",0,2
2nd,Alive,"Collyer, Mrs. Harvey (Charlotte",female,31,1,1,C.A. 31921,26.25,,Southampton,14,,"Bishopstoke, Hants / Fayette Va",1,2
2nd,Alive,"Cook, Mrs. (Selena Rogers)",female,22,0,0,W./C. 14266,10.5,F33,Southampton,14,,Pennsylvania,1,2
2nd,Dead,"Corbett, Mrs. Walter H (Irene C",female,30,0,0,237249,13,,Southampton,,,"Provo, UT",0,2
2nd,Dead,"Corey, Mrs. Percy C (Mary Phyll",female,,0,0,F.C.C. 13534,21,,Southampton,,,"Upper Burma, India Pittsburgh,",0,2
2nd,Dead,"Cotterill, Mr. Henry \""Harry\""",male,21,0,0,29107,11.5,,Southampton,,,"Penzance, Cornwall / Akron, OH",0,2
2nd,Dead,"Cunningham, Mr. Alfred Fleming",male,,0,0,239853,0,,Southampton,,,Belfast,0,2
2nd,Alive,"Davies, Master. John Morgan Jr",male,8,1,1,C.A. 33112,36.75,,Southampton,14,,"St Ives, Cornwall / Hancock, MI",1,2
2nd,Dead,"Davies, Mr. Charles Henry",male,18,0,0,S.O.C. 14879,73.5,,Southampton,,,"Lyndhurst, England",0,2
2nd,Alive,"Davies, Mrs. John Morgan (Eliza",female,48,0,2,C.A. 33112,36.75,,Southampton,14,,"St Ives, Cornwall / Hancock, MI",1,2
2nd,Alive,"Davis, Miss. Mary",female,28,0,0,237668,13,,Southampton,13,,"London / Staten Island, NY",1,2
2nd,Dead,"de Brito, Mr. Jose Joaquim",male,32,0,0,244360,13,,Southampton,,,"Portugal / Sau Paulo, Brazil",0,2
2nd,Dead,"Deacon, Mr. Percy William",male,17,0,0,S.O.C. 14879,73.5,,Southampton,,,,0,2
2nd,Dead,"del Carlo, Mr. Sebastiano",male,29,1,0,SC/PARIS 2167,27.7208004,,Cherbourg,,295,"Lucca, Italy / California",0,2
2nd,Alive,"del Carlo, Mrs. Sebastiano (Arg",female,24,1,0,SC/PARIS 2167,27.7208004,,Cherbourg,12,,"Lucca, Italy / California",1,2
2nd,Dead,"Denbury, Mr. Herbert",male,25,0,0,C.A. 31029,31.5,,Southampton,,,"Guernsey / Elizabeth, NJ",0,2
2nd,Dead,"Dibden, Mr. William",male,18,0,0,S.O.C. 14879,73.5,,Southampton,,,"New Forest, England",0,2
2nd,Alive,"Doling, Miss. Elsie",female,18,0,1,231919,23,,Southampton,,,Southampton,1,2
2nd,Alive,"Doling, Mrs. John T (Ada Julia",female,34,0,1,231919,23,,Southampton,,,Southampton,1,2
2nd,Dead,"Downton, Mr. William James",male,54,0,0,28403,26,,Southampton,,,"Holley, NY",0,2
2nd,Alive,"Drew, Master. Marshall Brines",male,8,0,2,28220,32.5,,Southampton,10,,"Greenport, NY",1,2
2nd,Dead,"Drew, Mr. James Vivian",male,42,1,1,28220,32.5,,Southampton,,,"Greenport, NY",0,2
2nd,Alive,"Drew, Mrs. James Vivian (Lulu T",female,34,1,1,28220,32.5,,Southampton,10,,"Greenport, NY",1,2
2nd,Alive,"Duran y More, Miss. Asuncion",female,27,1,0,SC/PARIS 2149,13.8583002,,Cherbourg,12,,"Barcelo, Spain / Hava, Cuba",1,2
2nd,Alive,"Duran y More, Miss. Florentina",female,30,1,0,SC/PARIS 2148,13.8583002,,Cherbourg,12,,"Barcelo, Spain / Hava, Cuba",1,2
2nd,Dead,"Eitemiller, Mr. George Floyd",male,23,0,0,29751,13,,Southampton,,,"England / Detroit, MI",0,2
2nd,Dead,"Enander, Mr. Ingvar",male,21,0,0,236854,13,,Southampton,,,"Goteborg, Sweden / Rockford, IL",0,2
2nd,Dead,"Fahlstrom, Mr. Arne Jonas",male,18,0,0,236171,13,,Southampton,,,"Oslo, Norway Bayonne, NJ",0,2
2nd,Dead,"Faunthorpe, Mr. Harry",male,40,1,0,2926,26,,Southampton,,286,"England / Philadelphia, PA",0,2
2nd,Alive,"Faunthorpe, Mrs. Lizzie (Elizab",female,29,1,0,2926,26,,Southampton,16,,,1,2
2nd,Dead,"Fillbrook, Mr. Joseph Charles",male,18,0,0,C.A. 15185,10.5,,Southampton,,,"Cornwall / Houghton, MI",0,2
2nd,Dead,"Fox, Mr. Stanley Hubert",male,36,0,0,229236,13,,Southampton,,236,"Rochester, NY",0,2
2nd,Dead,"Frost, Mr. Anthony Wood \""Archie",male,,0,0,239854,0,,Southampton,,,Belfast,0,2
2nd,Dead,"Funk, Miss. Annie Clemmer",female,38,0,0,237671,13,,Southampton,,,"Janjgir, India / Pennsylvania",0,2
2nd,Dead,"Fynney, Mr. Joseph J",male,35,0,0,239865,26,,Southampton,,322,"Liverpool / Montreal, PQ",0,2
2nd,Dead,"Gale, Mr. Harry",male,38,1,0,28664,21,,Southampton,,,"Cornwall / Clear Creek, CO",0,2
2nd,Dead,"Gale, Mr. Shadrach",male,34,1,0,28664,21,,Southampton,,,"Cornwall / Clear Creek, CO",0,2
2nd,Alive,"Garside, Miss. Ethel",female,34,0,0,243880,13,,Southampton,12,,"Brooklyn, NY",1,2
2nd,Dead,"Gaskell, Mr. Alfred",male,16,0,0,239865,26,,Southampton,,,"Liverpool / Montreal, PQ",0,2
2nd,Dead,"Gavey, Mr. Lawrence",male,26,0,0,31028,10.5,,Southampton,,,"Guernsey / Elizabeth, NJ",0,2
2nd,Dead,"Gilbert, Mr. William",male,47,0,0,C.A. 30769,10.5,,Southampton,,,Cornwall,0,2
2nd,Dead,"Giles, Mr. Edgar",male,21,1,0,28133,11.5,,Southampton,,,"Cornwall / Camden, NJ",0,2
2nd,Dead,"Giles, Mr. Frederick Edward",male,21,1,0,28134,11.5,,Southampton,,,"Cornwall / Camden, NJ",0,2
2nd,Dead,"Giles, Mr. Ralph",male,24,0,0,248726,13.5,,Southampton,,297,"West Kensington, London",0,2
2nd,Dead,"Gill, Mr. John William",male,24,0,0,233866,13,,Southampton,,155,"Clevedon, England",0,2
2nd,Dead,"Gillespie, Mr. William Henry",male,34,0,0,12233,13,,Southampton,,,"Vancouver, BC",0,2
2nd,Dead,"Givard, Mr. Hans Kristensen",male,30,0,0,250646,13,,Southampton,,305,,0,2
2nd,Dead,"Greenberg, Mr. Samuel",male,52,0,0,250647,13,,Southampton,,19,"Bronx, NY",0,2
2nd,Dead,"Hale, Mr. Reginald",male,30,0,0,250653,13,,Southampton,,75,"Auburn, NY",0,2
2nd,Alive,"Hamalainen, Master. Viljo",male,0.666700006,1,1,250649,14.5,,Southampton,4,,"Detroit, MI",1,2
2nd,Alive,"Hamalainen, Mrs. William (Anna)",female,24,0,2,250649,14.5,,Southampton,4,,"Detroit, MI",1,2
2nd,Dead,"Harbeck, Mr. William H",male,44,0,0,248746,13,,Southampton,,35,"Seattle, WA / Toledo, OH",0,2
2nd,Alive,"Harper, Miss. Annie Jessie \""Nin",female,6,0,1,248727,33,,Southampton,11,,"Denmark Hill, Surrey / Chicago",1,2
2nd,Dead,"Harper, Rev. John",male,28,0,1,248727,33,,Southampton,,,"Denmark Hill, Surrey / Chicago",0,2
2nd,Alive,"Harris, Mr. George",male,62,0,0,S.W./PP 752,10.5,,Southampton,15,,London,1,2
2nd,Dead,"Harris, Mr. Walter",male,30,0,0,W/C 14208,10.5,,Southampton,,,"Walthamstow, England",0,2
2nd,Alive,"Hart, Miss. Eva Miriam",female,7,0,2,F.C.C. 13529,26.25,,Southampton,14,,"Ilford, Essex / Winnipeg, MB",1,2
2nd,Dead,"Hart, Mr. Benjamin",male,43,1,1,F.C.C. 13529,26.25,,Southampton,,,"Ilford, Essex / Winnipeg, MB",0,2
2nd,Alive,"Hart, Mrs. Benjamin (Esther Ada",female,45,1,1,F.C.C. 13529,26.25,,Southampton,14,,"Ilford, Essex / Winnipeg, MB",1,2
2nd,Alive,"Herman, Miss. Alice",female,24,1,2,220845,65,,Southampton,9,,"Somerset / Berrdsville, NJ",1,2
2nd,Alive,"Herman, Miss. Kate",female,24,1,2,220845,65,,Southampton,9,,"Somerset / Berrdsville, NJ",1,2
2nd,Dead,"Herman, Mr. Samuel",male,49,1,2,220845,65,,Southampton,,,"Somerset / Berrdsville, NJ",0,2
2nd,Alive,"Herman, Mrs. Samuel (Jane Laver",female,48,1,2,220845,65,,Southampton,9,,"Somerset / Berrdsville, NJ",1,2
2nd,Alive,"Hewlett, Mrs. (Mary D Kingcome)",female,55,0,0,248706,16,,Southampton,13,,"India / Rapid City, SD",1,2
2nd,Dead,"Hickman, Mr. Leonard Mark",male,24,2,0,S.O.C. 14879,73.5,,Southampton,,,"West Hampstead, London / Neepaw",0,2
2nd,Dead,"Hickman, Mr. Lewis",male,32,2,0,S.O.C. 14879,73.5,,Southampton,,256,"West Hampstead, London / Neepaw",0,2
2nd,Dead,"Hickman, Mr. Stanley George",male,21,2,0,S.O.C. 14879,73.5,,Southampton,,,"West Hampstead, London / Neepaw",0,2
2nd,Dead,"Hiltunen, Miss. Marta",female,18,1,1,250650,13,,Southampton,,,"Kontiolahti, Finland / Detroit,",0,2
2nd,Alive,"Hocking, Miss. Ellen \""Nellie\""",female,20,2,1,29105,23,,Southampton,4,,"Cornwall / Akron, OH",1,2
2nd,Dead,"Hocking, Mr. Richard George",male,23,2,1,29104,11.5,,Southampton,,,"Cornwall / Akron, OH",0,2
2nd,Dead,"Hocking, Mr. Samuel James Metca",male,36,0,0,242963,13,,Southampton,,,"Devonport, England",0,2
2nd,Alive,"Hocking, Mrs. Elizabeth (Eliza",female,54,1,3,29105,23,,Southampton,4,,"Cornwall / Akron, OH",1,2
2nd,Dead,"Hodges, Mr. Henry Price",male,50,0,0,250643,13,,Southampton,,149,Southampton,0,2
2nd,Dead,"Hold, Mr. Stephen",male,44,1,0,26707,26,,Southampton,,,"England / Sacramento, CA",0,2
2nd,Alive,"Hold, Mrs. Stephen (Annie Marga",female,29,1,0,26707,26,,Southampton,10,,"England / Sacramento, CA",1,2
2nd,Dead,"Hood, Mr. Ambrose Jr",male,21,0,0,S.O.C. 14879,73.5,,Southampton,,,"New Forest, England",0,2
2nd,Alive,"Hosono, Mr. Masabumi",male,42,0,0,237798,13,,Southampton,10,,"Tokyo, Japan",1,2
2nd,Dead,"Howard, Mr. Benjamin",male,63,1,0,24065,26,,Southampton,,,"Swindon, England",0,2
2nd,Dead,"Howard, Mrs. Benjamin (Ellen Tr",female,60,1,0,24065,26,,Southampton,,,"Swindon, England",0,2
2nd,Dead,"Hunt, Mr. George Henry",male,33,0,0,SCO/W 1585,12.2749996,,Southampton,,,"Philadelphia, PA",0,2
2nd,Alive,"Ilett, Miss. Bertha",female,17,0,0,SO/C 14885,10.5,,Southampton,,,Guernsey,1,2
2nd,Dead,"Jacobsohn, Mr. Sidney Samuel",male,42,1,0,243847,27,,Southampton,,,London,0,2
2nd,Alive,"Jacobsohn, Mrs. Sidney Samuel (",female,24,2,1,243847,27,,Southampton,12,,London,1,2
2nd,Dead,"Jarvis, Mr. John Denzil",male,47,0,0,237565,15,,Southampton,,,"North Evington, England",0,2
2nd,Dead,"Jefferys, Mr. Clifford Thomas",male,24,2,0,C.A. 31029,31.5,,Southampton,,,"Guernsey / Elizabeth, NJ",0,2
2nd,Dead,"Jefferys, Mr. Ernest Wilfred",male,22,2,0,C.A. 31029,31.5,,Southampton,,,"Guernsey / Elizabeth, NJ",0,2
2nd,Dead,"Jenkin, Mr. Stephen Curnow",male,32,0,0,C.A. 33111,10.5,,Southampton,,,"St Ives, Cornwall / Houghton, M",0,2
2nd,Alive,"Jerwan, Mrs. Amin S (Marie Mart",female,23,0,0,SC/AH Basle 541,13.7917004,D,Cherbourg,11,,"New York, NY",1,2
2nd,Dead,"Kantor, Mr. Sinai",male,34,1,0,244367,26,,Southampton,,283,"Moscow / Bronx, NY",0,2
2nd,Alive,"Kantor, Mrs. Sinai (Miriam Ster",female,24,1,0,244367,26,,Southampton,12,,"Moscow / Bronx, NY",1,2
2nd,Dead,"Karnes, Mrs. J Frank (Claire Be",female,22,0,0,F.C.C. 13534,21,,Southampton,,,"India / Pittsburgh, PA",0,2
2nd,Alive,"Keane, Miss. Nora A",female,,0,0,226593,12.3500004,E101,Queenstown,10,,"Harrisburg, PA",1,2
2nd,Dead,"Keane, Mr. Daniel",male,35,0,0,233734,12.3500004,,Queenstown,,,,0,2
2nd,Alive,"Kelly, Mrs. Florence \""Fannie\""",female,45,0,0,223596,13.5,,Southampton,9,,"London / New York, NY",1,2
2nd,Dead,"Kirkland, Rev. Charles Leonard",male,57,0,0,219533,12.3500004,,Queenstown,,,"Glasgow / Bangor, ME",0,2
2nd,Dead,"Knight, Mr. Robert J",male,,0,0,239855,0,,Southampton,,,Belfast,0,2
2nd,Dead,"Kvillner, Mr. Johan Henrik Joha",male,31,0,0,C.A. 18723,10.5,,Southampton,,165,"Sweden / Arlington, NJ",0,2
2nd,Dead,"Lahtinen, Mrs. William (Anna Sy",female,26,1,1,250651,26,,Southampton,,,"Minneapolis, MN",0,2
2nd,Dead,"Lahtinen, Rev. William",male,30,1,1,250651,26,,Southampton,,,"Minneapolis, MN",0,2
2nd,Dead,"Lamb, Mr. John Joseph",male,,0,0,240261,10.7082996,,Queenstown,,,,0,2
2nd,Alive,"Laroche, Miss. Louise",female,1,1,2,SC/Paris 2123,41.5792007,,Cherbourg,14,,Paris / Haiti,1,2
2nd,Alive,"Laroche, Miss. Simonne Marie An",female,3,1,2,SC/Paris 2123,41.5792007,,Cherbourg,14,,Paris / Haiti,1,2
2nd,Dead,"Laroche, Mr. Joseph Philippe Le",male,25,1,2,SC/Paris 2123,41.5792007,,Cherbourg,,,Paris / Haiti,0,2
2nd,Alive,"Laroche, Mrs. Joseph (Juliette",female,22,1,2,SC/Paris 2123,41.5792007,,Cherbourg,14,,Paris / Haiti,1,2
2nd,Alive,"Lehmann, Miss. Bertha",female,17,0,0,SC 1748,12,,Cherbourg,12,,"Berne, Switzerland / Central Ci",1,2
2nd,Alive,"Leitch, Miss. Jessie Wills",female,,0,0,248727,33,,Southampton,11,,"London / Chicago, IL",1,2
2nd,Alive,"Lemore, Mrs. (Amelia Milley)",female,34,0,0,C.A. 34260,10.5,F33,Southampton,14,,"Chicago, IL",1,2
2nd,Dead,"Levy, Mr. Rene Jacques",male,36,0,0,SC/Paris 2163,12.875,D,Cherbourg,,,"Montreal, PQ",0,2
2nd,Dead,"Leyson, Mr. Robert William Norm",male,24,0,0,C.A. 29566,10.5,,Southampton,,108,,0,2
2nd,Dead,"Lingane, Mr. John",male,61,0,0,235509,12.3500004,,Queenstown,,,,0,2
2nd,Dead,"Louch, Mr. Charles Alexander",male,50,1,0,SC/AH 3085,26,,Southampton,,121,"Weston-Super-Mare, Somerset",0,2
2nd,Alive,"Louch, Mrs. Charles Alexander (",female,42,1,0,SC/AH 3085,26,,Southampton,,,"Weston-Super-Mare, Somerset",1,2
2nd,Dead,"Mack, Mrs. (Mary)",female,57,0,0,S.O./P.P. 3,10.5,E77,Southampton,,52,"Southampton / New York, NY",0,2
2nd,Dead,"Malachard, Mr. Noel",male,,0,0,237735,15.0458002,D,Cherbourg,,,Paris,0,2
2nd,Alive,"Mallet, Master. Andre",male,1,0,2,S.C./PARIS 2079,37.0042,,Cherbourg,10,,"Paris / Montreal, PQ",1,2
2nd,Dead,"Mallet, Mr. Albert",male,31,1,1,S.C./PARIS 2079,37.0042,,Cherbourg,,,"Paris / Montreal, PQ",0,2
2nd,Alive,"Mallet, Mrs. Albert (Antoinette",female,24,1,1,S.C./PARIS 2079,37.0042,,Cherbourg,10,,"Paris / Montreal, PQ",1,2
2nd,Dead,"Mangiavacchi, Mr. Serafino Emil",male,,0,0,SC/A.3 2861,15.5791998,,Cherbourg,,,"New York, NY",0,2
2nd,Dead,"Matthews, Mr. William John",male,30,0,0,28228,13,,Southampton,,,"St Austall, Cornwall",0,2
2nd,Dead,"Maybery, Mr. Frank Hubert",male,40,0,0,239059,16,,Southampton,,,"Weston-Super-Mare / Moose Jaw,",0,2
2nd,Dead,"McCrae, Mr. Arthur Gordon",male,32,0,0,237216,13.5,,Southampton,,209,"Sydney, Australia",0,2
2nd,Dead,"McCrie, Mr. James Matthew",male,30,0,0,233478,13,,Southampton,,,"Sarnia, ON",0,2
2nd,Dead,"McKane, Mr. Peter David",male,46,0,0,28403,26,,Southampton,,,"Rochester, NY",0,2
2nd,Alive,"Mellinger, Miss. Madeleine Viol",female,13,0,1,250644,19.5,,Southampton,14,,"England / Bennington, VT",1,2
2nd,Alive,"Mellinger, Mrs. (Elizabeth Anne",female,41,0,1,250644,19.5,,Southampton,14,,"England / Bennington, VT",1,2
2nd,Alive,"Mellors, Mr. William John",male,19,0,0,SW/PP 751,10.5,,Southampton,B,,"Chelsea, London",1,2
2nd,Dead,"Meyer, Mr. August",male,39,0,0,248723,13,,Southampton,,,"Harrow-on-the-Hill, Middlesex",0,2
2nd,Dead,"Milling, Mr. Jacob Christian",male,48,0,0,234360,13,,Southampton,,271,"Copenhagen, Denmark",0,2
2nd,Dead,"Mitchell, Mr. Henry Michael",male,70,0,0,C.A. 24580,10.5,,Southampton,,,"Guernsey / Montclair, NJ and/or",0,2
2nd,Dead,"Montvila, Rev. Juozas",male,27,0,0,211536,13,,Southampton,,,"Worcester, MA",0,2
2nd,Dead,"Moraweck, Dr. Ernest",male,54,0,0,29011,14,,Southampton,,,"Frankfort, KY",0,2
2nd,Dead,"Morley, Mr. Henry Samuel (\""Mr H",male,39,0,0,250655,26,,Southampton,,,,0,2
2nd,Dead,"Mudd, Mr. Thomas Charles",male,16,0,0,S.O./P.P. 3,10.5,,Southampton,,,"Halesworth, England",0,2
2nd,Dead,"Myles, Mr. Thomas Francis",male,62,0,0,240276,9.6875,,Queenstown,,,"Cambridge, MA",0,2
2nd,Dead,"Nasser, Mr. Nicholas",male,32.5,1,0,237736,30.0708008,,Cherbourg,,43,"New York, NY",0,2
2nd,Alive,"Nasser, Mrs. Nicholas (Adele Ac",female,14,1,0,237736,30.0708008,,Cherbourg,,,"New York, NY",1,2
2nd,Alive,"Navratil, Master. Edmond Roger",male,2,1,1,230080,26,F2,Southampton,D,,"Nice, France",1,2
2nd,Alive,"Navratil, Master. Michel M",male,3,1,1,230080,26,F2,Southampton,D,,"Nice, France",1,2
2nd,Dead,"Navratil, Mr. Michel (\""Louis M",male,36.5,0,2,230080,26,F2,Southampton,,15,"Nice, France",0,2
2nd,Dead,"Nesson, Mr. Israel",male,26,0,0,244368,13,F2,Southampton,,,"Boston, MA",0,2
2nd,Dead,"Nicholls, Mr. Joseph Charles",male,19,1,1,C.A. 33112,36.75,,Southampton,,101,"Cornwall / Hancock, MI",0,2
2nd,Dead,"Norman, Mr. Robert Douglas",male,28,0,0,218629,13.5,,Southampton,,287,Glasgow,0,2
2nd,Alive,"Nourney, Mr. Alfred (\""Baron von",male,20,0,0,SC/PARIS 2166,13.8625002,D38,Cherbourg,7,,"Cologne, Germany",1,2
2nd,Alive,"Nye, Mrs. (Elizabeth Ramell)",female,29,0,0,C.A. 29395,10.5,F33,Southampton,11,,"Folkstone, Kent / New York, NY",1,2
2nd,Dead,"Otter, Mr. Richard",male,39,0,0,28213,13,,Southampton,,,"Middleburg Heights, OH",0,2
2nd,Alive,"Oxenham, Mr. Percy Thomas",male,22,0,0,W./C. 14260,10.5,,Southampton,13,,"Pondersend, England / New Durha",1,2
2nd,Alive,"Padro y Manent, Mr. Julian",male,,0,0,SC/PARIS 2146,13.8625002,,Cherbourg,9,,"Spain / Hava, Cuba",1,2
2nd,Dead,"Pain, Dr. Alfred",male,23,0,0,244278,10.5,,Southampton,,,"Hamilton, ON",0,2
2nd,Alive,"Pallas y Castello, Mr. Emilio",male,29,0,0,SC/PARIS 2147,13.8583002,,Cherbourg,9,,"Spain / Hava, Cuba",1,2
2nd,Dead,"Parker, Mr. Clifford Richard",male,28,0,0,SC 14888,10.5,,Southampton,,,"St Andrews, Guernsey",0,2
2nd,Dead,"Parkes, Mr. Francis \""Frank\""",male,,0,0,239853,0,,Southampton,,,Belfast,0,2
2nd,Alive,"Parrish, Mrs. (Lutie Davis)",female,50,0,1,230433,26,,Southampton,12,,"Woodford County, KY",1,2
2nd,Dead,"Pengelly, Mr. Frederick William",male,19,0,0,28665,10.5,,Southampton,,,"Gunnislake, England / Butte, MT",0,2
2nd,Dead,"Pernot, Mr. Rene",male,,0,0,SC/PARIS 2131,15.0500002,,Cherbourg,,,,0,2
2nd,Dead,"Peruschitz, Rev. Joseph Maria",male,41,0,0,237393,13,,Southampton,,,,0,2
2nd,Alive,"Phillips, Miss. Alice Frances L",female,21,0,1,S.O./P.P. 2,21,,Southampton,12,,"Ilfracombe, Devon",1,2
2nd,Alive,"Phillips, Miss. Kate Florence (",female,19,0,0,250655,26,,Southampton,11,,"Worcester, England",1,2
2nd,Dead,"Phillips, Mr. Escott Robert",male,43,0,1,S.O./P.P. 2,21,,Southampton,,,"Ilfracombe, Devon",0,2
2nd,Alive,"Pinsky, Mrs. (Rosa)",female,32,0,0,234604,13,,Southampton,9,,Russia,1,2
2nd,Dead,"Ponesell, Mr. Martin",male,34,0,0,250647,13,,Southampton,,,"Denmark / New York, NY",0,2
2nd,Alive,"Portaluppi, Mr. Emilio Ilario G",male,30,0,0,C.A. 34644,12.7375002,,Cherbourg,14,,"Milford, NH",1,2
2nd,Dead,"Pulbaum, Mr. Franz",male,27,0,0,SC/PARIS 2168,15.0333004,,Cherbourg,,,Paris,0,2
2nd,Alive,"Quick, Miss. Phyllis May",female,2,1,1,26360,26,,Southampton,11,,"Plymouth, Devon / Detroit, MI",1,2
2nd,Alive,"Quick, Miss. Winifred Vera",female,8,1,1,26360,26,,Southampton,11,,"Plymouth, Devon / Detroit, MI",1,2
2nd,Alive,"Quick, Mrs. Frederick Charles (",female,33,0,2,26360,26,,Southampton,11,,"Plymouth, Devon / Detroit, MI",1,2
2nd,Dead,"Reeves, Mr. David",male,36,0,0,C.A. 17248,10.5,,Southampton,,,"Brighton, Sussex",0,2
2nd,Dead,"Renouf, Mr. Peter Henry",male,34,1,0,31027,21,,Southampton,12,,"Elizabeth, NJ",0,2
2nd,Alive,"Renouf, Mrs. Peter Henry (Lilli",female,30,3,0,31027,21,,Southampton,,,"Elizabeth, NJ",1,2
2nd,Alive,"Reynaldo, Ms. Encarnacion",female,28,0,0,230434,13,,Southampton,9,,Spain,1,2
2nd,Dead,"Richard, Mr. Emile",male,23,0,0,SC/PARIS 2133,15.0458002,,Cherbourg,,,"Paris / Montreal, PQ",0,2
2nd,Alive,"Richards, Master. George Sibley",male,0.833299994,1,1,29106,18.75,,Southampton,4,,"Cornwall / Akron, OH",1,2
2nd,Alive,"Richards, Master. William Rowe",male,3,1,1,29106,18.75,,Southampton,4,,"Cornwall / Akron, OH",1,2
2nd,Alive,"Richards, Mrs. Sidney (Emily Ho",female,24,2,3,29106,18.75,,Southampton,4,,"Cornwall / Akron, OH",1,2
2nd,Alive,"Ridsdale, Miss. Lucy",female,50,0,0,W./C. 14258,10.5,,Southampton,13,,"London, England / Marietta, Ohi",1,2
2nd,Dead,"Rogers, Mr. Reginald Harry",male,19,0,0,28004,10.5,,Southampton,,,,0,2
2nd,Alive,"Rugg, Miss. Emily",female,21,0,0,C.A. 31026,10.5,,Southampton,12,,"Guernsey / Wilmington, DE",1,2
2nd,Dead,"Schmidt, Mr. August",male,26,0,0,248659,13,,Southampton,,,"Newark, NJ",0,2
2nd,Dead,"Sedgwick, Mr. Charles Frederick",male,25,0,0,244361,13,,Southampton,,,Liverpool,0,2
2nd,Dead,"Sharp, Mr. Percival James R",male,27,0,0,244358,26,,Southampton,,,"Hornsey, England",0,2
2nd,Alive,"Shelley, Mrs. William (Imanita",female,25,0,1,230433,26,,Southampton,12,,"Deer Lodge, MT",1,2
2nd,Alive,"Silven, Miss. Lyyli Karoliina",female,18,0,2,250652,13,,Southampton,16,,"Finland / Minneapolis, MN",1,2
2nd,Alive,"Sincock, Miss. Maude",female,20,0,0,C.A. 33112,36.75,,Southampton,11,,"Cornwall / Hancock, MI",1,2
2nd,Alive,"Sinkkonen, Miss. Anna",female,30,0,0,250648,13,,Southampton,10,,"Finland / Washington, DC",1,2
2nd,Dead,"Sjostedt, Mr. Ernst Adolf",male,59,0,0,237442,13.5,,Southampton,,,"Sault St Marie, ON",0,2
2nd,Alive,"Slayter, Miss. Hilda Mary",female,30,0,0,234818,12.3500004,,Queenstown,13,,"Halifax, NS",1,2
2nd,Dead,"Slemen, Mr. Richard James",male,35,0,0,28206,10.5,,Southampton,,,Cornwall,0,2
2nd,Alive,"Smith, Miss. Marion Elsie",female,40,0,0,31418,13,,Southampton,9,,,1,2
2nd,Dead,"Sobey, Mr. Samuel James Hayden",male,25,0,0,C.A. 29178,13,,Southampton,,,"Cornwall / Houghton, MI",0,2
2nd,Dead,"Stanton, Mr. Samuel Ward",male,41,0,0,237734,15.0458002,,Cherbourg,,,"New York, NY",0,2
2nd,Dead,"Stokes, Mr. Philip Joseph",male,25,0,0,F.C.C. 13540,10.5,,Southampton,,81,"Catford, Kent / Detroit, MI",0,2
2nd,Dead,"Swane, Mr. George",male,18.5,0,0,248734,13,F,Southampton,,294,,0,2
2nd,Dead,"Sweet, Mr. George Frederick",male,14,0,0,220845,65,,Southampton,,,"Somerset / Berrdsville, NJ",0,2
2nd,Alive,"Toomey, Miss. Ellen",female,50,0,0,F.C.C. 13531,10.5,,Southampton,9,,"Indiapolis, IN",1,2
2nd,Dead,"Troupiansky, Mr. Moses Aaron",male,23,0,0,233639,13,,Southampton,,,,0,2
2nd,Alive,"Trout, Mrs. William H (Jessie L",female,28,0,0,240929,12.6499996,,Southampton,,,"Columbus, OH",1,2
2nd,Alive,"Troutt, Miss. Edwina Celia \""Win",female,27,0,0,34218,10.5,E101,Southampton,16,,"Bath, England / Massachusetts",1,2
2nd,Dead,"Turpin, Mr. William John Robert",male,29,1,0,11668,21,,Southampton,,,"Plymouth, England",0,2
2nd,Dead,"Turpin, Mrs. William John Rober",female,27,1,0,11668,21,,Southampton,,,"Plymouth, England",0,2
2nd,Dead,"Veal, Mr. James",male,40,0,0,28221,13,,Southampton,,,"Barre, Co Washington, VT",0,2
2nd,Alive,"Walcroft, Miss. Nellie",female,31,0,0,F.C.C. 13528,21,,Southampton,14,,"Mamaroneck, NY",1,2
2nd,Dead,"Ware, Mr. John James",male,30,1,0,CA 31352,21,,Southampton,,,"Bristol, England / New Britain,",0,2
2nd,Dead,"Ware, Mr. William Jeffery",male,23,1,0,28666,10.5,,Southampton,,,,0,2
2nd,Alive,"Ware, Mrs. John James (Florence",female,31,0,0,CA 31352,21,,Southampton,10,,"Bristol, England / New Britain,",1,2
2nd,Dead,"Watson, Mr. Ennis Hastings",male,,0,0,239856,0,,Southampton,,,Belfast,0,2
2nd,Alive,"Watt, Miss. Bertha J",female,12,0,0,C.A. 33595,15.75,,Southampton,9,,"Aberdeen / Portland, OR",1,2
2nd,Alive,"Watt, Mrs. James (Elizabeth \""Be",female,40,0,0,C.A. 33595,15.75,,Southampton,9,,"Aberdeen / Portland, OR",1,2
2nd,Alive,"Webber, Miss. Susan",female,32.5,0,0,27267,13,E101,Southampton,12,,"England / Hartford, CT",1,2
2nd,Dead,"Weisz, Mr. Leopold",male,27,1,0,228414,26,,Southampton,,293,"Bromsgrove, England / Montreal,",0,2
2nd,Alive,"Weisz, Mrs. Leopold (Mathilde F",female,29,1,0,228414,26,,Southampton,10,,"Bromsgrove, England / Montreal,",1,2
2nd,Alive,"Wells, Master. Ralph Lester",male,2,1,1,29103,23,,Southampton,14,,"Cornwall / Akron, OH",1,2
2nd,Alive,"Wells, Miss. Joan",female,4,1,1,29103,23,,Southampton,14,,"Cornwall / Akron, OH",1,2
2nd,Alive,"Wells, Mrs. Arthur Henry (\""Addi",female,29,0,2,29103,23,,Southampton,14,,"Cornwall / Akron, OH",1,2
2nd,Alive,"West, Miss. Barbara J",female,0.916700006,1,2,C.A. 34651,27.75,,Southampton,10,,"Bournmouth, England",1,2
2nd,Alive,"West, Miss. Constance Mirium",female,5,1,2,C.A. 34651,27.75,,Southampton,10,,"Bournmouth, England",1,2
2nd,Dead,"West, Mr. Edwy Arthur",male,36,1,2,C.A. 34651,27.75,,Southampton,,,"Bournmouth, England",0,2
2nd,Alive,"West, Mrs. Edwy Arthur (Ada Mar",female,33,1,2,C.A. 34651,27.75,,Southampton,10,,"Bournmouth, England",1,2
2nd,Dead,"Wheadon, Mr. Edward H",male,66,0,0,C.A. 24579,10.5,,Southampton,,,"Guernsey, England / Edgewood, R",0,2
2nd,Dead,"Wheeler, Mr. Edwin \""Frederick\""",male,,0,0,SC/PARIS 2159,12.875,,Southampton,,,,0,2
2nd,Alive,"Wilhelms, Mr. Charles",male,31,0,0,244270,13,,Southampton,9,,"London, England",1,2
2nd,Alive,"Williams, Mr. Charles Eugene",male,,0,0,244373,13,,Southampton,14,,"Harrow, England",1,2
2nd,Alive,"Wright, Miss. Marion",female,26,0,0,220844,13.5,,Southampton,9,,"Yoevil, England / Cottage Grove",1,2
2nd,Dead,"Yrois, Miss. Henriette (\""Mrs Ha",female,24,0,0,248747,13,,Southampton,,,Paris,0,2
3rd,Dead,"Abbing, Mr. Anthony",male,42,0,0,C.A. 5547,7.55000019,,Southampton,,,,0,3
3rd,Dead,"Abbott, Master. Eugene Joseph",male,13,0,2,C.A. 2673,20.25,,Southampton,,,"East Providence, RI",0,3
3rd,Dead,"Abbott, Mr. Rossmore Edward",male,16,1,1,C.A. 2673,20.25,,Southampton,,190,"East Providence, RI",0,3
3rd,Alive,"Abbott, Mrs. Stanton (Rosa Hunt",female,35,1,1,C.A. 2673,20.25,,Southampton,A,,"East Providence, RI",1,3
3rd,Alive,"Abelseth, Miss. Karen Marie",female,16,0,0,348125,7.6500001,,Southampton,16,,"Norway Los Angeles, CA",1,3
3rd,Alive,"Abelseth, Mr. Olaus Jorgensen",male,25,0,0,348122,7.6500001,F G63,Southampton,A,,"Perkins County, SD",1,3
3rd,Alive,"Abrahamsson, Mr. Abraham August",male,20,0,0,SOTON/O2 3101284,7.92500019,,Southampton,15,,"Taalintehdas, Finland Hoboken,",1,3
3rd,Alive,"Abrahim, Mrs. Joseph (Sophie Ha",female,18,0,0,2657,7.22919989,,Cherbourg,C,,"Greensburg, PA",1,3
3rd,Dead,"Adahl, Mr. Mauritz Nils Martin",male,30,0,0,C 7076,7.25,,Southampton,,72,"Asarum, Sweden Brooklyn, NY",0,3
3rd,Dead,"Adams, Mr. John",male,26,0,0,341826,8.05000019,,Southampton,,103,"Bournemouth, England",0,3
3rd,Dead,"Ahlin, Mrs. Johan (Johanna Pers",female,40,1,0,7546,9.47500038,,Southampton,,,"Sweden Akeley, MN",0,3
3rd,Alive,"Aks, Master. Philip Frank",male,0.833299994,0,1,392091,9.35000038,,Southampton,11,,"London, England Norfolk, VA",1,3
3rd,Alive,"Aks, Mrs. Sam (Leah Rosen)",female,18,0,1,392091,9.35000038,,Southampton,13,,"London, England Norfolk, VA",1,3
3rd,Alive,"Albimona, Mr. Nassef Cassem",male,26,0,0,2699,18.7875004,,Cherbourg,15,,"Syria Fredericksburg, VA",1,3
3rd,Dead,"Alexander, Mr. William",male,26,0,0,3474,7.88749981,,Southampton,,,"England Albion, NY",0,3
3rd,Dead,"Alhomaki, Mr. Ilmari Rudolf",male,20,0,0,SOTON/O2 3101287,7.92500019,,Southampton,,,"Salo, Finland Astoria, OR",0,3
3rd,Dead,"Ali, Mr. Ahmed",male,24,0,0,SOTON/O.Q. 3101311,7.05000019,,Southampton,,,,0,3
3rd,Dead,"Ali, Mr. William",male,25,0,0,SOTON/O.Q. 3101312,7.05000019,,Southampton,,79,Argenti,0,3
3rd,Dead,"Allen, Mr. William Henry",male,35,0,0,373450,8.05000019,,Southampton,,,"Lower Clapton, Middlesex or Erd",0,3
3rd,Dead,"Allum, Mr. Owen George",male,18,0,0,2223,8.30000019,,Southampton,,259,"Windsor, England New York, NY",0,3
3rd,Dead,"Andersen, Mr. Albert Karvin",male,32,0,0,C 4001,22.5249996,,Southampton,,260,"Bergen, Norway",0,3
3rd,Alive,"Andersen-Jensen, Miss. Carla Ch",female,19,1,0,350046,7.85419989,,Southampton,16,,,1,3
3rd,Dead,"Andersson, Master. Sigvard Hara",male,4,4,2,347082,31.2749996,,Southampton,,,"Sweden Winnipeg, MN",0,3
3rd,Dead,"Andersson, Miss. Ebba Iris Alfr",female,6,4,2,347082,31.2749996,,Southampton,,,"Sweden Winnipeg, MN",0,3
3rd,Dead,"Andersson, Miss. Ellis Anna Mar",female,2,4,2,347082,31.2749996,,Southampton,,,"Sweden Winnipeg, MN",0,3
3rd,Alive,"Andersson, Miss. Erna Alexandra",female,17,4,2,3101281,7.92500019,,Southampton,D,,"Ruotsinphyhtaa, Finland New Yor",1,3
3rd,Dead,"Andersson, Miss. Ida Augusta Ma",female,38,4,2,347091,7.7750001,,Southampton,,,"Vadsbro, Sweden Ministee, MI",0,3
3rd,Dead,"Andersson, Miss. Ingeborg Const",female,9,4,2,347082,31.2749996,,Southampton,,,"Sweden Winnipeg, MN",0,3
3rd,Dead,"Andersson, Miss. Sigrid Elisabe",female,11,4,2,347082,31.2749996,,Southampton,,,"Sweden Winnipeg, MN",0,3
3rd,Dead,"Andersson, Mr. Anders Johan",male,39,1,5,347082,31.2749996,,Southampton,,,"Sweden Winnipeg, MN",0,3
3rd,Alive,"Andersson, Mr. August Edvard (\""",male,27,0,0,350043,7.79580021,,Southampton,A,,,1,3
3rd,Dead,"Andersson, Mr. Johan Samuel",male,26,0,0,347075,7.7750001,,Southampton,,,"Hartford, CT",0,3
3rd,Dead,"Andersson, Mrs. Anders Johan (A",female,39,1,5,347082,31.2749996,,Southampton,,,"Sweden Winnipeg, MN",0,3
3rd,Dead,"Andreasson, Mr. Paul Edvin",male,20,0,0,347466,7.85419989,,Southampton,,,"Sweden Chicago, IL",0,3
3rd,Dead,"Angheloff, Mr. Minko",male,26,0,0,349202,7.89580011,,Southampton,,,"Bulgaria Chicago, IL",0,3
3rd,Dead,"Arnold-Franchi, Mr. Josef",male,25,1,0,349237,17.7999992,,Southampton,,,"Altdorf, Switzerland",0,3
3rd,Dead,"Arnold-Franchi, Mrs. Josef (Jos",female,18,1,0,349237,17.7999992,,Southampton,,,"Altdorf, Switzerland",0,3
3rd,Dead,"Aronsson, Mr. Ernst Axel Algot",male,24,0,0,349911,7.7750001,,Southampton,,,"Sweden Joliet, IL",0,3
3rd,Dead,"Asim, Mr. Adola",male,35,0,0,SOTON/O.Q. 3101310,7.05000019,,Southampton,,,,0,3
3rd,Dead,"Asplund, Master. Carl Edgar",male,5,4,2,347077,31.3875008,,Southampton,,,"Sweden  Worcester, MA",0,3
3rd,Dead,"Asplund, Master. Clarence Gusta",male,9,4,2,347077,31.3875008,,Southampton,,,"Sweden Worcester, MA",0,3
3rd,Alive,"Asplund, Master. Edvin Rojj Fel",male,3,4,2,347077,31.3875008,,Southampton,15,,"Sweden Worcester, MA",1,3
3rd,Dead,"Asplund, Master. Filip Oscar",male,13,4,2,347077,31.3875008,,Southampton,,,"Sweden Worcester, MA",0,3
3rd,Alive,"Asplund, Miss. Lillian Gertrud",female,5,4,2,347077,31.3875008,,Southampton,15,,"Sweden Worcester, MA",1,3
3rd,Dead,"Asplund, Mr. Carl Oscar Vilhelm",male,40,1,5,347077,31.3875008,,Southampton,,142,"Sweden  Worcester, MA",0,3
3rd,Alive,"Asplund, Mr. Johan Charles",male,23,0,0,350054,7.79580021,,Southampton,13,,"Oskarshamn, Sweden Minneapolis,",1,3
3rd,Alive,"Asplund, Mrs. Carl Oscar (Selma",female,38,1,5,347077,31.3875008,,Southampton,15,,"Sweden  Worcester, MA",1,3
3rd,Alive,"Assaf Khalil, Mrs. Mariana (\""Mi",female,45,0,0,2696,7.2249999,,Cherbourg,C,,"Ottawa, ON",1,3
3rd,Dead,"Assaf, Mr. Gerios",male,21,0,0,2692,7.2249999,,Cherbourg,,,"Ottawa, ON",0,3
3rd,Dead,"Assam, Mr. Ali",male,23,0,0,SOTON/O.Q. 3101309,7.05000019,,Southampton,,,,0,3
3rd,Dead,"Attalah, Miss. Malake",female,17,0,0,2627,14.4582996,,Cherbourg,,,,0,3
3rd,Dead,"Attalah, Mr. Sleiman",male,30,0,0,2694,7.2249999,,Cherbourg,,,"Ottawa, ON",0,3
3rd,Dead,"Augustsson, Mr. Albert",male,23,0,0,347468,7.85419989,,Southampton,,,"Krakoryd, Sweden Bloomington, I",0,3
3rd,Alive,"Ayoub, Miss. Banoura",female,13,0,0,2687,7.22919989,,Cherbourg,C,,"Syria Youngstown, OH",1,3
3rd,Dead,"Baccos, Mr. Raffull",male,20,0,0,2679,7.2249999,,Cherbourg,,,,0,3
3rd,Dead,"Backstrom, Mr. Karl Alfred",male,32,1,0,3101278,15.8500004,,Southampton,D,,"Ruotsinphytaa, Finland New York",0,3
3rd,Alive,"Backstrom, Mrs. Karl Alfred (Ma",female,33,3,0,3101278,15.8500004,,Southampton,,,"Ruotsinphytaa, Finland New York",1,3
3rd,Alive,"Baclini, Miss. Eugenie",female,0.75,2,1,2666,19.2583008,,Cherbourg,C,,"Syria New York, NY",1,3
3rd,Alive,"Baclini, Miss. Helene Barbara",female,0.75,2,1,2666,19.2583008,,Cherbourg,C,,"Syria New York, NY",1,3
3rd,Alive,"Baclini, Miss. Marie Catherine",female,5,2,1,2666,19.2583008,,Cherbourg,C,,"Syria New York, NY",1,3
3rd,Alive,"Baclini, Mrs. Solomon (Latifa Q",female,24,0,3,2666,19.2583008,,Cherbourg,C,,"Syria New York, NY",1,3
3rd,Alive,"Badman, Miss. Emily Louisa",female,18,0,0,A/4 31416,8.05000019,,Southampton,C,,"London Skanteales, NY",1,3
3rd,Dead,"Badt, Mr. Mohamed",male,40,0,0,2623,7.2249999,,Cherbourg,,,,0,3
3rd,Dead,"Balkic, Mr. Cerin",male,26,0,0,349248,7.89580011,,Southampton,,,,0,3
3rd,Alive,"Barah, Mr. Hanna Assi",male,20,0,0,2663,7.22919989,,Cherbourg,15,,,1,3
3rd,Dead,"Barbara, Miss. Saiide",female,18,0,1,2691,14.4541998,,Cherbourg,,,"Syria Ottawa, ON",0,3
3rd,Dead,"Barbara, Mrs. (Catherine David)",female,45,0,1,2691,14.4541998,,Cherbourg,,,"Syria Ottawa, ON",0,3
3rd,Dead,"Barry, Miss. Julia",female,27,0,0,330844,7.87919998,,Queenstown,,,"New York, NY",0,3
3rd,Dead,"Barton, Mr. David John",male,22,0,0,324669,8.05000019,,Southampton,,,"England New York, NY",0,3
3rd,Dead,"Beavan, Mr. William Thomas",male,19,0,0,323951,8.05000019,,Southampton,,,England,0,3
3rd,Dead,"Bengtsson, Mr. John Viktor",male,26,0,0,347068,7.7750001,,Southampton,,,"Krakudden, Sweden Moune, IL",0,3
3rd,Dead,"Berglund, Mr. Karl Ivar Sven",male,22,0,0,PP 4348,9.35000038,,Southampton,,,"Tranvik, Finland New York",0,3
3rd,Dead,"Betros, Master. Seman",male,,0,0,2622,7.22919989,,Cherbourg,,,,0,3
3rd,Dead,"Betros, Mr. Tannous",male,20,0,0,2648,4.01249981,,Cherbourg,,,Syria,0,3
3rd,Alive,"Bing, Mr. Lee",male,32,0,0,1601,56.4958,,Southampton,C,,"Hong Kong New York, NY",1,3
3rd,Dead,"Birkeland, Mr. Hans Martin Mons",male,21,0,0,312992,7.7750001,,Southampton,,,"Brennes, Norway New York",0,3
3rd,Dead,"Bjorklund, Mr. Ernst Herbert",male,18,0,0,347090,7.75,,Southampton,,,"Stockholm, Sweden New York",0,3
3rd,Dead,"Bostandyeff, Mr. Guentcho",male,26,0,0,349224,7.89580011,,Southampton,,,"Bulgaria Chicago, IL",0,3
3rd,Dead,"Boulos, Master. Akar",male,6,1,1,2678,15.2458,,Cherbourg,,,"Syria Kent, ON",0,3
3rd,Dead,"Boulos, Miss. Nourelain",female,9,1,1,2678,15.2458,,Cherbourg,,,"Syria Kent, ON",0,3
3rd,Dead,"Boulos, Mr. Hanna",male,,0,0,2664,7.2249999,,Cherbourg,,,Syria,0,3
3rd,Dead,"Boulos, Mrs. Joseph (Sultana)",female,,0,2,2678,15.2458,,Cherbourg,,,"Syria Kent, ON",0,3
3rd,Dead,"Bourke, Miss. Mary",female,,0,2,364848,7.75,,Queenstown,,,"Ireland Chicago, IL",0,3
3rd,Dead,"Bourke, Mr. John",male,40,1,1,364849,15.5,,Queenstown,,,"Ireland Chicago, IL",0,3
3rd,Dead,"Bourke, Mrs. John (Catherine)",female,32,1,1,364849,15.5,,Queenstown,,,"Ireland Chicago, IL",0,3
3rd,Dead,"Bowen, Mr. David John \""Dai\""",male,21,0,0,54636,16.1000004,,Southampton,,,"Treherbert, Cardiff, Wales",0,3
3rd,Alive,"Bradley, Miss. Bridget Delia",female,22,0,0,334914,7.7249999,,Queenstown,13,,"Kingwilliamstown, Co Cork, Irel",1,3
3rd,Dead,"Braf, Miss. Elin Ester Maria",female,20,0,0,347471,7.85419989,,Southampton,,,"Medeltorp, Sweden Chicago, IL",0,3
3rd,Dead,"Braund, Mr. Lewis Richard",male,29,1,0,3460,7.04580021,,Southampton,,,"Bridgerule, Devon",0,3
3rd,Dead,"Braund, Mr. Owen Harris",male,22,1,0,A/5 21171,7.25,,Southampton,,,"Bridgerule, Devon",0,3
3rd,Dead,"Brobeck, Mr. Karl Rudolf",male,22,0,0,350045,7.79580021,,Southampton,,,"Sweden Worcester, MA",0,3
3rd,Dead,"Brocklebank, Mr. William Alfred",male,35,0,0,364512,8.05000019,,Southampton,,,"Broomfield, Chelmsford, England",0,3
3rd,Dead,"Buckley, Miss. Katherine",female,18.5,0,0,329944,7.28329992,,Queenstown,,299,"Co Cork, Ireland Roxbury, MA",0,3
3rd,Alive,"Buckley, Mr. Daniel",male,21,0,0,330920,7.82079983,,Queenstown,13,,"Kingwilliamstown, Co Cork, Irel",1,3
3rd,Dead,"Burke, Mr. Jeremiah",male,19,0,0,365222,6.75,,Queenstown,,,"Co Cork, Ireland Charlestown, M",0,3
3rd,Dead,"Burns, Miss. Mary Delia",female,18,0,0,330963,7.87919998,,Queenstown,,,"Co Sligo, Ireland New York, NY",0,3
3rd,Dead,"Cacic, Miss. Manda",female,21,0,0,315087,8.66250038,,Southampton,,,,0,3
3rd,Dead,"Cacic, Miss. Marija",female,30,0,0,315084,8.66250038,,Southampton,,,,0,3
3rd,Dead,"Cacic, Mr. Jego Grga",male,18,0,0,315091,8.66250038,,Southampton,,,,0,3
3rd,Dead,"Cacic, Mr. Luka",male,38,0,0,315089,8.66250038,,Southampton,,,Croatia,0,3
3rd,Dead,"Calic, Mr. Jovo",male,17,0,0,315093,8.66250038,,Southampton,,,,0,3
3rd,Dead,"Calic, Mr. Petar",male,17,0,0,315086,8.66250038,,Southampton,,,,0,3
3rd,Dead,"Canavan, Miss. Mary",female,21,0,0,364846,7.75,,Queenstown,,,,0,3
3rd,Dead,"Canavan, Mr. Patrick",male,21,0,0,364858,7.75,,Queenstown,,,"Ireland Philadelphia, PA",0,3
3rd,Dead,"Cann, Mr. Ernest Charles",male,21,0,0,A./5. 2152,8.05000019,,Southampton,,,,0,3
3rd,Dead,"Caram, Mr. Joseph",male,,1,0,2689,14.4582996,,Cherbourg,,,"Ottawa, ON",0,3
3rd,Dead,"Caram, Mrs. Joseph (Maria Elias",female,,1,0,2689,14.4582996,,Cherbourg,,,"Ottawa, ON",0,3
3rd,Dead,"Carlsson, Mr. August Sigfrid",male,28,0,0,350042,7.79580021,,Southampton,,,"Dagsas, Sweden Fower, MN",0,3
3rd,Dead,"Carlsson, Mr. Carl Robert",male,24,0,0,350409,7.85419989,,Southampton,,,"Goteborg, Sweden Huntley, IL",0,3
3rd,Alive,"Carr, Miss. Helen \""Ellen\""",female,16,0,0,367231,7.75,,Queenstown,16,,"Co Longford, Ireland New York,",1,3
3rd,Dead,"Carr, Miss. Jeannie",female,37,0,0,368364,7.75,,Queenstown,,,"Co Sligo, Ireland Hartford, CT",0,3
3rd,Dead,"Carver, Mr. Alfred John",male,28,0,0,392095,7.25,,Southampton,,,"St Denys, Southampton, Hants",0,3
3rd,Dead,"Celotti, Mr. Francesco",male,24,0,0,343275,8.05000019,,Southampton,,,London,0,3
3rd,Dead,"Charters, Mr. David",male,21,0,0,A/5. 13032,7.73330021,,Queenstown,,,"Ireland New York, NY",0,3
3rd,Alive,"Chip, Mr. Chang",male,32,0,0,1601,56.4958,,Southampton,C,,"Hong Kong New York, NY",1,3
3rd,Dead,"Christmann, Mr. Emil",male,29,0,0,343276,8.05000019,,Southampton,,,,0,3
3rd,Dead,"Chronopoulos, Mr. Apostolos",male,26,1,0,2680,14.4541998,,Cherbourg,,,Greece,0,3
3rd,Dead,"Chronopoulos, Mr. Demetrios",male,18,1,0,2680,14.4541998,,Cherbourg,,,Greece,0,3
3rd,Dead,"Coelho, Mr. Domingos Fernandeo",male,20,0,0,SOTON/O.Q. 3101307,7.05000019,,Southampton,,,Portugal,0,3
3rd,Alive,"Cohen, Mr. Gurshon \""Gus\""",male,18,0,0,A/5 3540,8.05000019,,Southampton,12,,"London Brooklyn, NY",1,3
3rd,Dead,"Colbert, Mr. Patrick",male,24,0,0,371109,7.25,,Queenstown,,,"Co Limerick, Ireland Sherbrooke",0,3
3rd,Dead,"Coleff, Mr. Peju",male,36,0,0,349210,7.49580002,,Southampton,,,"Bulgaria Chicago, IL",0,3
3rd,Dead,"Coleff, Mr. Satio",male,24,0,0,349209,7.49580002,,Southampton,,,,0,3
3rd,Dead,"Conlon, Mr. Thomas Henry",male,31,0,0,21332,7.73330021,,Queenstown,,,"Philadelphia, PA",0,3
3rd,Dead,"Connaghton, Mr. Michael",male,31,0,0,335097,7.75,,Queenstown,,,"Ireland Brooklyn, NY",0,3
3rd,Alive,"Connolly, Miss. Kate",female,22,0,0,370373,7.75,,Queenstown,13,,Ireland,1,3
3rd,Dead,"Connolly, Miss. Kate",female,30,0,0,330972,7.62919998,,Queenstown,,,Ireland,0,3
3rd,Dead,"Connors, Mr. Patrick",male,70.5,0,0,370369,7.75,,Queenstown,,171,,0,3
3rd,Dead,"Cook, Mr. Jacob",male,43,0,0,A/5 3536,8.05000019,,Southampton,,,,0,3
3rd,Dead,"Cor, Mr. Bartol",male,35,0,0,349230,7.89580011,,Southampton,,,Austria,0,3
3rd,Dead,"Cor, Mr. Ivan",male,27,0,0,349229,7.89580011,,Southampton,,,Austria,0,3
3rd,Dead,"Cor, Mr. Liudevit",male,19,0,0,349231,7.89580011,,Southampton,,,Austria,0,3
3rd,Dead,"Corn, Mr. Harry",male,30,0,0,SOTON/OQ 392090,8.05000019,,Southampton,,,London,0,3
3rd,Alive,"Coutts, Master. Eden Leslie \""Ne",male,9,1,1,C.A. 37671,15.8999996,,Southampton,2,,"England Brooklyn, NY",1,3
3rd,Alive,"Coutts, Master. William Loch \""W",male,3,1,1,C.A. 37671,15.8999996,,Southampton,2,,"England Brooklyn, NY",1,3
3rd,Alive,"Coutts, Mrs. William (Winnie \""M",female,36,0,2,C.A. 37671,15.8999996,,Southampton,2,,"England Brooklyn, NY",1,3
3rd,Dead,"Coxon, Mr. Daniel",male,59,0,0,364500,7.25,,Southampton,,,"Merrill, WI",0,3
3rd,Dead,"Crease, Mr. Ernest James",male,19,0,0,S.P. 3464,8.1583004,,Southampton,,,"Bristol, England Cleveland, OH",0,3
3rd,Alive,"Cribb, Miss. Laura Alice",female,17,0,1,371362,16.1000004,,Southampton,12,,"Bournemouth, England Newark, NJ",1,3
3rd,Dead,"Cribb, Mr. John Hatfield",male,44,0,1,371362,16.1000004,,Southampton,,,"Bournemouth, England Newark, NJ",0,3
3rd,Dead,"Culumovic, Mr. Jeso",male,17,0,0,315090,8.66250038,,Southampton,,,Austria-Hungary,0,3
3rd,Dead,"Daher, Mr. Shedid",male,22.5,0,0,2698,7.2249999,,Cherbourg,,9,,0,3
3rd,Alive,"Dahl, Mr. Karl Edwart",male,45,0,0,7598,8.05000019,,Southampton,15,,"Australia Fingal, ND",1,3
3rd,Dead,"Dahlberg, Miss. Gerda Ulrika",female,22,0,0,7552,10.5166998,,Southampton,,,"Norrlot, Sweden Chicago, IL",0,3
3rd,Dead,"Dakic, Mr. Branko",male,19,0,0,349228,10.1708002,,Southampton,,,Austria,0,3
3rd,Alive,"Daly, Miss. Margaret Marcella \""",female,30,0,0,382650,6.94999981,,Queenstown,15,,"Co Athlone, Ireland New York, N",1,3
3rd,Alive,"Daly, Mr. Eugene Patrick",male,29,0,0,382651,7.75,,Queenstown,13 15 B,,"Co Athlone, Ireland New York, N",1,3
3rd,Dead,"Danbom, Master. Gilbert Sigvard",male,0.333299994,0,2,347080,14.3999996,,Southampton,,,"Stanton, IA",0,3
3rd,Dead,"Danbom, Mr. Ernst Gilbert",male,34,1,1,347080,14.3999996,,Southampton,,197,"Stanton, IA",0,3
3rd,Dead,"Danbom, Mrs. Ernst Gilbert (Ann",female,28,1,1,347080,14.3999996,,Southampton,,,"Stanton, IA",0,3
3rd,Dead,"Danoff, Mr. Yoto",male,27,0,0,349219,7.89580011,,Southampton,,,"Bulgaria Chicago, IL",0,3
3rd,Dead,"Dantcheff, Mr. Ristiu",male,25,0,0,349203,7.89580011,,Southampton,,,"Bulgaria Chicago, IL",0,3
3rd,Dead,"Davies, Mr. Alfred J",male,24,2,0,A/4 48871,24.1499996,,Southampton,,,"West Bromwich, England Pontiac,",0,3
3rd,Dead,"Davies, Mr. Evan",male,22,0,0,SC/A4 23568,8.05000019,,Southampton,,,,0,3
3rd,Dead,"Davies, Mr. John Samuel",male,21,2,0,A/4 48871,24.1499996,,Southampton,,,"West Bromwich, England Pontiac,",0,3
3rd,Dead,"Davies, Mr. Joseph",male,17,2,0,A/4 48873,8.05000019,,Southampton,,,"West Bromwich, England Pontiac,",0,3
3rd,Dead,"Davison, Mr. Thomas Henry",male,,1,0,386525,16.1000004,,Southampton,,,"Liverpool, England Bedford, OH",0,3
3rd,Alive,"Davison, Mrs. Thomas Henry (Mar",female,,1,0,386525,16.1000004,,Southampton,16,,"Liverpool, England Bedford, OH",1,3
3rd,Alive,"de Messemaeker, Mr. Guillaume J",male,36.5,1,0,345572,17.3999996,,Southampton,15,,"Tampico, MT",1,3
3rd,Alive,"de Messemaeker, Mrs. Guillaume",female,36,1,0,345572,17.3999996,,Southampton,13,,"Tampico, MT",1,3
3rd,Alive,"de Mulder, Mr. Theodore",male,30,0,0,345774,9.5,,Southampton,11,,"Belgium Detroit, MI",1,3
3rd,Dead,"de Pelsmaeker, Mr. Alfons",male,16,0,0,345778,9.5,,Southampton,,,,0,3
3rd,Alive,"Dean, Master. Bertram Vere",male,1,1,2,C.A. 2315,20.5750008,,Southampton,10,,"Devon, England Wichita, KS",1,3
3rd,Alive,"Dean, Miss. Elizabeth Gladys \""M",female,0.166700006,1,2,C.A. 2315,20.5750008,,Southampton,10,,"Devon, England Wichita, KS",1,3
3rd,Dead,"Dean, Mr. Bertram Frank",male,26,1,2,C.A. 2315,20.5750008,,Southampton,,,"Devon, England Wichita, KS",0,3
3rd,Alive,"Dean, Mrs. Bertram (Eva Georget",female,33,1,2,C.A. 2315,20.5750008,,Southampton,10,,"Devon, England Wichita, KS",1,3
3rd,Dead,"Delalic, Mr. Redjo",male,25,0,0,349250,7.89580011,,Southampton,,,,0,3
3rd,Dead,"Demetri, Mr. Marinko",male,,0,0,349238,7.89580011,,Southampton,,,,0,3
3rd,Dead,"Denkoff, Mr. Mitto",male,,0,0,349225,7.89580011,,Southampton,,,"Bulgaria Coon Rapids, IA",0,3
3rd,Dead,"Dennis, Mr. Samuel",male,22,0,0,A/5 21172,7.25,,Southampton,,,,0,3
3rd,Dead,"Dennis, Mr. William",male,36,0,0,A/5 21175,7.25,,Southampton,,,,0,3
3rd,Alive,"Devaney, Miss. Margaret Delia",female,19,0,0,330958,7.87919998,,Queenstown,C,,"Kilmacowen, Co Sligo, Ireland N",1,3
3rd,Dead,"Dika, Mr. Mirko",male,17,0,0,349232,7.89580011,,Southampton,,,,0,3
3rd,Dead,"Dimic, Mr. Jovan",male,42,0,0,315088,8.66250038,,Southampton,,,,0,3
3rd,Dead,"Dintcheff, Mr. Valtcho",male,43,0,0,349226,7.89580011,,Southampton,,,,0,3
3rd,Dead,"Doharr, Mr. Tannous",male,,0,0,2686,7.22919989,,Cherbourg,,,,0,3
3rd,Dead,"Dooley, Mr. Patrick",male,32,0,0,370376,7.75,,Queenstown,,,"Ireland New York, NY",0,3
3rd,Alive,"Dorking, Mr. Edward Arthur",male,19,0,0,A/5. 10482,8.05000019,,Southampton,B,,"England Oglesby, IL",1,3
3rd,Alive,"Dowdell, Miss. Elizabeth",female,30,0,0,364516,12.4750004,,Southampton,13,,"Union Hill, NJ",1,3
3rd,Dead,"Doyle, Miss. Elizabeth",female,24,0,0,368702,7.75,,Queenstown,,,"Ireland New York, NY",0,3
3rd,Alive,"Drapkin, Miss. Jennie",female,23,0,0,SOTON/OQ 392083,8.05000019,,Southampton,,,"London New York, NY",1,3
3rd,Dead,"Drazenoic, Mr. Jozef",male,33,0,0,349241,7.89580011,,Cherbourg,,51,"Austria Niagara Falls, NY",0,3
3rd,Dead,"Duane, Mr. Frank",male,65,0,0,336439,7.75,,Queenstown,,,,0,3
3rd,Alive,"Duquemin, Mr. Joseph",male,24,0,0,S.O./P.P. 752,7.55000019,,Southampton,D,,"England Albion, NY",1,3
3rd,Dead,"Dyker, Mr. Adolf Fredrik",male,23,1,0,347072,13.8999996,,Southampton,,,"West Haven, CT",0,3
3rd,Alive,"Dyker, Mrs. Adolf Fredrik (Anna",female,22,1,0,347072,13.8999996,,Southampton,16,,"West Haven, CT",1,3
3rd,Dead,"Edvardsson, Mr. Gustaf Hjalmar",male,18,0,0,349912,7.7750001,,Southampton,,,"Tofta, Sweden Joliet, IL",0,3
3rd,Dead,"Eklund, Mr. Hans Linus",male,16,0,0,347074,7.7750001,,Southampton,,,"Karberg, Sweden Jerome Junction",0,3
3rd,Dead,"Ekstrom, Mr. Johan",male,45,0,0,347061,6.9749999,,Southampton,,,"Effington Rut, SD",0,3
3rd,Dead,"Elias, Mr. Dibo",male,,0,0,2674,7.2249999,,Cherbourg,,,,0,3
3rd,Dead,"Elias, Mr. Joseph",male,39,0,2,2675,7.22919989,,Cherbourg,,,"Syria Ottawa, ON",0,3
3rd,Dead,"Elias, Mr. Joseph Jr",male,17,1,1,2690,7.22919989,,Cherbourg,,,,0,3
3rd,Dead,"Elias, Mr. Tannous",male,15,1,1,2695,7.22919989,,Cherbourg,,,Syria,0,3
3rd,Dead,"Elsbury, Mr. William James",male,47,0,0,A/5 3902,7.25,,Southampton,,,"Illinois, USA",0,3
3rd,Alive,"Emanuel, Miss. Virginia Ethel",female,5,0,0,364516,12.4750004,,Southampton,13,,"New York, NY",1,3
3rd,Dead,"Emir, Mr. Farred Chehab",male,,0,0,2631,7.2249999,,Cherbourg,,,,0,3
3rd,Dead,"Everett, Mr. Thomas James",male,40.5,0,0,C.A. 6212,15.1000004,,Southampton,,187,,0,3
3rd,Dead,"Farrell, Mr. James",male,40.5,0,0,367232,7.75,,Queenstown,,68,"Aughcliff, Co Longford, Irela",0,3
3rd,Alive,"Finoli, Mr. Luigi",male,,0,0,SOTON/O.Q. 3101308,7.05000019,,Southampton,15,,"Italy Philadelphia, PA",1,3
3rd,Dead,"Fischer, Mr. Eberhard Thelander",male,18,0,0,350036,7.79580021,,Southampton,,,,0,3
3rd,Dead,"Fleming, Miss. Honora",female,,0,0,364859,7.75,,Queenstown,,,,0,3
3rd,Dead,"Flynn, Mr. James",male,,0,0,364851,7.75,,Queenstown,,,,0,3
3rd,Dead,"Flynn, Mr. John",male,,0,0,368323,6.94999981,,Queenstown,,,,0,3
3rd,Dead,"Foley, Mr. Joseph",male,26,0,0,330910,7.87919998,,Queenstown,,,"Ireland Chicago, IL",0,3
3rd,Dead,"Foley, Mr. William",male,,0,0,365235,7.75,,Queenstown,,,Ireland,0,3
3rd,Alive,"Foo, Mr. Choong",male,,0,0,1601,56.4958,,Southampton,13,,"Hong Kong New York, NY",1,3
3rd,Dead,"Ford, Miss. Doolina Margaret \""D",female,21,2,2,W./C. 6608,34.375,,Southampton,,,"Rotherfield, Sussex, England Es",0,3
3rd,Dead,"Ford, Miss. Robina Maggie \""Ruby",female,9,2,2,W./C. 6608,34.375,,Southampton,,,"Rotherfield, Sussex, England Es",0,3
3rd,Dead,"Ford, Mr. Arthur",male,,0,0,A/5 1478,8.05000019,,Southampton,,,"Bridgwater, Somerset, England",0,3
3rd,Dead,"Ford, Mr. Edward Watson",male,18,2,2,W./C. 6608,34.375,,Southampton,,,"Rotherfield, Sussex, England Es",0,3
3rd,Dead,"Ford, Mr. William Neal",male,16,1,3,W./C. 6608,34.375,,Southampton,,,"Rotherfield, Sussex, England Es",0,3
3rd,Dead,"Ford, Mrs. Edward (Margaret Ann",female,48,1,3,W./C. 6608,34.375,,Southampton,,,"Rotherfield, Sussex, England Es",0,3
3rd,Dead,"Fox, Mr. Patrick",male,,0,0,368573,7.75,,Queenstown,,,"Ireland New York, NY",0,3
3rd,Dead,"Franklin, Mr. Charles (Charles",male,,0,0,SOTON/O.Q. 3101314,7.25,,Southampton,,,,0,3
3rd,Dead,"Gallagher, Mr. Martin",male,25,0,0,36864,7.74170017,,Queenstown,,,"New York, NY",0,3
3rd,Dead,"Garfirth, Mr. John",male,,0,0,358585,14.5,,Southampton,,,,0,3
3rd,Dead,"Gheorgheff, Mr. Stanio",male,,0,0,349254,7.89580011,,Cherbourg,,,,0,3
3rd,Dead,"Gilinski, Mr. Eliezer",male,22,0,0,14973,8.05000019,,Southampton,,47,,0,3
3rd,Alive,"Gilnagh, Miss. Katherine \""Katie",female,16,0,0,35851,7.73330021,,Queenstown,16,,"Co Longford, Ireland New York,",1,3
3rd,Alive,"Glynn, Miss. Mary Agatha",female,,0,0,335677,7.75,,Queenstown,13,,"Co Clare, Ireland Washington, D",1,3
3rd,Alive,"Goldsmith, Master. Frank John W",male,9,0,2,363291,20.5249996,,Southampton,C D,,"Strood, Kent, England Detroit,",1,3
3rd,Dead,"Goldsmith, Mr. Frank John",male,33,1,1,363291,20.5249996,,Southampton,,,"Strood, Kent, England Detroit,",0,3
3rd,Dead,"Goldsmith, Mr. Nathan",male,41,0,0,SOTON/O.Q. 3101263,7.8499999,,Southampton,,,"Philadelphia, PA",0,3
3rd,Alive,"Goldsmith, Mrs. Frank John (Emi",female,31,1,1,363291,20.5249996,,Southampton,C D,,"Strood, Kent, England Detroit,",1,3
3rd,Dead,"Goncalves, Mr. Manuel Estanslas",male,38,0,0,SOTON/O.Q. 3101306,7.05000019,,Southampton,,,Portugal,0,3
3rd,Dead,"Goodwin, Master. Harold Victor",male,9,5,2,CA 2144,46.9000015,,Southampton,,,"Wiltshire, England Niagara Fall",0,3
3rd,Dead,"Goodwin, Master. Sidney Leonard",male,1,5,2,CA 2144,46.9000015,,Southampton,,,"Wiltshire, England Niagara Fall",0,3
3rd,Dead,"Goodwin, Master. William Freder",male,11,5,2,CA 2144,46.9000015,,Southampton,,,"Wiltshire, England Niagara Fall",0,3
3rd,Dead,"Goodwin, Miss. Jessie Allis",female,10,5,2,CA 2144,46.9000015,,Southampton,,,"Wiltshire, England Niagara Fall",0,3
3rd,Dead,"Goodwin, Miss. Lillian Amy",female,16,5,2,CA 2144,46.9000015,,Southampton,,,"Wiltshire, England Niagara Fall",0,3
3rd,Dead,"Goodwin, Mr. Charles Edward",male,14,5,2,CA 2144,46.9000015,,Southampton,,,"Wiltshire, England Niagara Fall",0,3
3rd,Dead,"Goodwin, Mr. Charles Frederick",male,40,1,6,CA 2144,46.9000015,,Southampton,,,"Wiltshire, England Niagara Fall",0,3
3rd,Dead,"Goodwin, Mrs. Frederick (August",female,43,1,6,CA 2144,46.9000015,,Southampton,,,"Wiltshire, England Niagara Fall",0,3
3rd,Dead,"Green, Mr. George Henry",male,51,0,0,21440,8.05000019,,Southampton,,,"Dorking, Surrey, England",0,3
3rd,Dead,"Gronnestad, Mr. Daniel Danielse",male,32,0,0,8471,8.36250019,,Southampton,,,"Foresvik, Norway Portland, ND",0,3
3rd,Dead,"Guest, Mr. Robert",male,,0,0,376563,8.05000019,,Southampton,,,,0,3
3rd,Dead,"Gustafsson, Mr. Alfred Ossian",male,20,0,0,7534,9.8458004,,Southampton,,,"Waukegan, Chicago, IL",0,3
3rd,Dead,"Gustafsson, Mr. Anders Vilhelm",male,37,2,0,3101276,7.92500019,,Southampton,,98,"Ruotsinphytaa, Finland New York",0,3
3rd,Dead,"Gustafsson, Mr. Johan Birger",male,28,2,0,3101277,7.92500019,,Southampton,,,"Ruotsinphytaa, Finland New York",0,3
3rd,Dead,"Gustafsson, Mr. Karl Gideon",male,19,0,0,347069,7.7750001,,Southampton,,,"Myren, Sweden New York, NY",0,3
3rd,Dead,"Haas, Miss. Aloisia",female,24,0,0,349236,8.85000038,,Southampton,,,,0,3
3rd,Dead,"Hagardon, Miss. Kate",female,17,0,0,AQ/3. 30631,7.73330021,,Queenstown,,,,0,3
3rd,Dead,"Hagland, Mr. Ingvald Olai Olsen",male,,1,0,65303,19.9666996,,Southampton,,,,0,3
3rd,Dead,"Hagland, Mr. Konrad Mathias Rei",male,,1,0,65304,19.9666996,,Southampton,,,,0,3
3rd,Dead,"Hakkarainen, Mr. Pekka Pietari",male,28,1,0,STON/O2. 3101279,15.8500004,,Southampton,,,,0,3
3rd,Alive,"Hakkarainen, Mrs. Pekka Pietari",female,24,1,0,STON/O2. 3101279,15.8500004,,Southampton,15,,,1,3
3rd,Dead,"Hampe, Mr. Leon",male,20,0,0,345769,9.5,,Southampton,,,,0,3
3rd,Dead,"Hanna, Mr. Mansour",male,23.5,0,0,2693,7.22919989,,Cherbourg,,188,,0,3
3rd,Dead,"Hansen, Mr. Claus Peter",male,41,2,0,350026,14.1083002,,Southampton,,,,0,3
3rd,Dead,"Hansen, Mr. Henrik Juul",male,26,1,0,350025,7.85419989,,Southampton,,,,0,3
3rd,Dead,"Hansen, Mr. Henry Damsgaard",male,21,0,0,350029,7.85419989,,Southampton,,69,,0,3
3rd,Alive,"Hansen, Mrs. Claus Peter (Jenni",female,45,1,0,350026,14.1083002,,Southampton,11,,,1,3
3rd,Dead,"Harknett, Miss. Alice Phoebe",female,,0,0,W./C. 6609,7.55000019,,Southampton,,,,0,3
3rd,Dead,"Harmer, Mr. Abraham (David Lish",male,25,0,0,374887,7.25,,Southampton,B,,,0,3
3rd,Dead,"Hart, Mr. Henry",male,,0,0,394140,6.85830021,,Queenstown,,,,0,3
3rd,Dead,"Hassan, Mr. Houssein G N",male,11,0,0,2699,18.7875004,,Cherbourg,,,,0,3
3rd,Alive,"Healy, Miss. Hanora \""Nora\""",female,,0,0,370375,7.75,,Queenstown,16,,,1,3
3rd,Alive,"Hedman, Mr. Oskar Arvid",male,27,0,0,347089,6.9749999,,Southampton,15,,,1,3
3rd,Alive,"Hee, Mr. Ling",male,,0,0,1601,56.4958,,Southampton,C,,,1,3
3rd,Dead,"Hegarty, Miss. Hanora \""Nora\""",female,18,0,0,365226,6.75,,Queenstown,,,,0,3
3rd,Alive,"Heikkinen, Miss. Laina",female,26,0,0,STON/O2. 3101282,7.92500019,,Southampton,,,,1,3
3rd,Dead,"Heininen, Miss. Wendla Maria",female,23,0,0,STON/O2. 3101290,7.92500019,,Southampton,,,,0,3
3rd,Alive,"Hellstrom, Miss. Hilda Maria",female,22,0,0,7548,8.96249962,,Southampton,C,,,1,3
3rd,Dead,"Hendekovic, Mr. Ignjac",male,28,0,0,349243,7.89580011,,Southampton,,306,,0,3
3rd,Dead,"Henriksson, Miss. Jenny Lovisa",female,28,0,0,347086,7.7750001,,Southampton,,,,0,3
3rd,Dead,"Henry, Miss. Delia",female,,0,0,382649,7.75,,Queenstown,,,,0,3
3rd,Alive,"Hirvonen, Miss. Hildur E",female,2,0,1,3101298,12.2875004,,Southampton,15,,,1,3
3rd,Alive,"Hirvonen, Mrs. Alexander (Helga",female,22,1,1,3101298,12.2875004,,Southampton,15,,,1,3
3rd,Dead,"Holm, Mr. John Fredrik Alexande",male,43,0,0,C 7075,6.44999981,,Southampton,,,,0,3
3rd,Dead,"Holthen, Mr. Johan Martin",male,28,0,0,C 4001,22.5249996,,Southampton,,,,0,3
3rd,Alive,"Honkanen, Miss. Eliina",female,27,0,0,STON/O2. 3101283,7.92500019,,Southampton,,,,1,3
3rd,Dead,"Horgan, Mr. John",male,,0,0,370377,7.75,,Queenstown,,,,0,3
3rd,Alive,"Howard, Miss. May Elizabeth",female,,0,0,A. 2. 39186,8.05000019,,Southampton,C,,,1,3
3rd,Dead,"Humblen, Mr. Adolf Mathias Nico",male,42,0,0,348121,7.6500001,F G63,Southampton,,120,,0,3
3rd,Alive,"Hyman, Mr. Abraham",male,,0,0,3470,7.88749981,,Southampton,C,,,1,3
3rd,Dead,"Ibrahim Shawah, Mr. Yousseff",male,30,0,0,2685,7.22919989,,Cherbourg,,,,0,3
3rd,Dead,"Ilieff, Mr. Ylio",male,,0,0,349220,7.89580011,,Southampton,,,,0,3
3rd,Dead,"Ilmakangas, Miss. Ida Livija",female,27,1,0,STON/O2. 3101270,7.92500019,,Southampton,,,,0,3
3rd,Dead,"Ilmakangas, Miss. Pieta Sofia",female,25,1,0,STON/O2. 3101271,7.92500019,,Southampton,,,,0,3
3rd,Dead,"Ivanoff, Mr. Kanio",male,,0,0,349201,7.89580011,,Southampton,,,,0,3
3rd,Alive,"Jalsevac, Mr. Ivan",male,29,0,0,349240,7.89580011,,Cherbourg,15,,,1,3
3rd,Alive,"Jansson, Mr. Carl Olof",male,21,0,0,350034,7.79580021,,Southampton,A,,,1,3
3rd,Dead,"Jardin, Mr. Jose Neto",male,,0,0,SOTON/O.Q. 3101305,7.05000019,,Southampton,,,,0,3
3rd,Dead,"Jensen, Mr. Hans Peder",male,20,0,0,350050,7.85419989,,Southampton,,,,0,3
3rd,Dead,"Jensen, Mr. Niels Peder",male,48,0,0,350047,7.85419989,,Southampton,,,,0,3
3rd,Dead,"Jensen, Mr. Svend Lauritz",male,17,1,0,350048,7.05420017,,Southampton,,,,0,3
3rd,Alive,"Jermyn, Miss. Annie",female,,0,0,14313,7.75,,Queenstown,D,,,1,3
3rd,Alive,"Johannesen-Bratthammer, Mr. Ber",male,,0,0,65306,8.11250019,,Southampton,13,,,1,3
3rd,Dead,"Johanson, Mr. Jakob Alfred",male,34,0,0,3101264,6.49580002,,Southampton,,143,,0,3
3rd,Alive,"Johansson Palmquist, Mr. Oskar",male,26,0,0,347070,7.7750001,,Southampton,15,,,1,3
3rd,Dead,"Johansson, Mr. Erik",male,22,0,0,350052,7.79580021,,Southampton,,156,,0,3
3rd,Dead,"Johansson, Mr. Gustaf Joel",male,33,0,0,7540,8.6541996,,Southampton,,285,,0,3
3rd,Dead,"Johansson, Mr. Karl Johan",male,31,0,0,347063,7.7750001,,Southampton,,,,0,3
3rd,Dead,"Johansson, Mr. Nils",male,29,0,0,347467,7.85419989,,Southampton,,,,0,3
3rd,Alive,"Johnson, Master. Harold Theodor",male,4,1,1,347742,11.1332998,,Southampton,15,,,1,3
3rd,Alive,"Johnson, Miss. Eleanor Ileen",female,1,1,1,347742,11.1332998,,Southampton,15,,,1,3
3rd,Dead,"Johnson, Mr. Alfred",male,49,0,0,LINE,0,,Southampton,,,,0,3
3rd,Dead,"Johnson, Mr. Malkolm Joackim",male,33,0,0,347062,7.7750001,,Southampton,,37,,0,3
3rd,Dead,"Johnson, Mr. William Cahoone Jr",male,19,0,0,LINE,0,,Southampton,,,,0,3
3rd,Alive,"Johnson, Mrs. Oscar W (Elisabet",female,27,0,2,347742,11.1332998,,Southampton,15,,,1,3
3rd,Dead,"Johnston, Master. William Arthu",male,,1,2,W./C. 6607,23.4500008,,Southampton,,,,0,3
3rd,Dead,"Johnston, Miss. Catherine Helen",female,,1,2,W./C. 6607,23.4500008,,Southampton,,,,0,3
3rd,Dead,"Johnston, Mr. Andrew G",male,,1,2,W./C. 6607,23.4500008,,Southampton,,,,0,3
3rd,Dead,"Johnston, Mrs. Andrew G (Elizab",female,,1,2,W./C. 6607,23.4500008,,Southampton,,,,0,3
3rd,Dead,"Jonkoff, Mr. Lalio",male,23,0,0,349204,7.89580011,,Southampton,,,,0,3
3rd,Alive,"Jonsson, Mr. Carl",male,32,0,0,350417,7.85419989,,Southampton,15,,,1,3
3rd,Dead,"Jonsson, Mr. Nils Hilding",male,27,0,0,350408,7.85419989,,Southampton,,,,0,3
3rd,Dead,"Jussila, Miss. Katriina",female,20,1,0,4136,9.82499981,,Southampton,,,,0,3
3rd,Dead,"Jussila, Miss. Mari Aina",female,21,1,0,4137,9.82499981,,Southampton,,,,0,3
3rd,Alive,"Jussila, Mr. Eiriik",male,32,0,0,STON/O 2. 3101286,7.92500019,,Southampton,15,,,1,3
3rd,Dead,"Kallio, Mr. Nikolai Erland",male,17,0,0,STON/O 2. 3101274,7.125,,Southampton,,,,0,3
3rd,Dead,"Kalvik, Mr. Johannes Halvorsen",male,21,0,0,8475,8.43330002,,Southampton,,,,0,3
3rd,Dead,"Karaic, Mr. Milan",male,30,0,0,349246,7.89580011,,Southampton,,,,0,3
3rd,Alive,"Karlsson, Mr. Einar Gervasius",male,21,0,0,350053,7.79580021,,Southampton,13,,,1,3
3rd,Dead,"Karlsson, Mr. Julius Konrad Eug",male,33,0,0,347465,7.85419989,,Southampton,,,,0,3
3rd,Dead,"Karlsson, Mr. Nils August",male,22,0,0,350060,7.52080011,,Southampton,,,,0,3
3rd,Alive,"Karun, Miss. Manca",female,4,0,1,349256,13.4167004,,Cherbourg,15,,,1,3
3rd,Alive,"Karun, Mr. Franz",male,39,0,1,349256,13.4167004,,Cherbourg,15,,,1,3
3rd,Dead,"Kassem, Mr. Fared",male,,0,0,2700,7.22919989,,Cherbourg,,,,0,3
3rd,Dead,"Katavelas, Mr. Vassilios (\""Cata",male,18.5,0,0,2682,7.22919989,,Cherbourg,,58,,0,3
3rd,Dead,"Keane, Mr. Andrew \""Andy\""",male,,0,0,12460,7.75,,Queenstown,,,,0,3
3rd,Dead,"Keefe, Mr. Arthur",male,,0,0,323592,7.25,,Southampton,A,,,0,3
3rd,Alive,"Kelly, Miss. Anna Katherine \""An",female,,0,0,9234,7.75,,Queenstown,16,,,1,3
3rd,Alive,"Kelly, Miss. Mary",female,,0,0,14312,7.75,,Queenstown,D,,,1,3
3rd,Dead,"Kelly, Mr. James",male,34.5,0,0,330911,7.82919979,,Queenstown,,70,,0,3
3rd,Dead,"Kelly, Mr. James",male,44,0,0,363592,8.05000019,,Southampton,,,,0,3
3rd,Alive,"Kennedy, Mr. John",male,,0,0,368783,7.75,,Queenstown,,,,1,3
3rd,Dead,"Khalil, Mr. Betros",male,,1,0,2660,14.4541998,,Cherbourg,,,,0,3
3rd,Dead,"Khalil, Mrs. Betros (Zahie \""Mar",female,,1,0,2660,14.4541998,,Cherbourg,,,,0,3
3rd,Dead,"Kiernan, Mr. John",male,,1,0,367227,7.75,,Queenstown,,,,0,3
3rd,Dead,"Kiernan, Mr. Philip",male,,1,0,367229,7.75,,Queenstown,,,,0,3
3rd,Dead,"Kilgannon, Mr. Thomas J",male,,0,0,36865,7.73750019,,Queenstown,,,,0,3
3rd,Dead,"Kink, Miss. Maria",female,22,2,0,315152,8.66250038,,Southampton,,,,0,3
3rd,Dead,"Kink, Mr. Vincenz",male,26,2,0,315151,8.66250038,,Southampton,,,,0,3
3rd,Alive,"Kink-Heilmann, Miss. Luise Gret",female,4,0,2,315153,22.0249996,,Southampton,2,,,1,3
3rd,Alive,"Kink-Heilmann, Mr. Anton",male,29,3,1,315153,22.0249996,,Southampton,2,,,1,3
3rd,Alive,"Kink-Heilmann, Mrs. Anton (Luis",female,26,1,1,315153,22.0249996,,Southampton,2,,,1,3
3rd,Dead,"Klasen, Miss. Gertrud Emilia",female,1,1,1,350405,12.1833,,Southampton,,,,0,3
3rd,Dead,"Klasen, Mr. Klas Albin",male,18,1,1,350404,7.85419989,,Southampton,,,,0,3
3rd,Dead,"Klasen, Mrs. (Hulda Kristina Eu",female,36,0,2,350405,12.1833,,Southampton,,,,0,3
3rd,Dead,"Kraeff, Mr. Theodor",male,,0,0,349253,7.89580011,,Cherbourg,,,,0,3
3rd,Alive,"Krekorian, Mr. Neshan",male,25,0,0,2654,7.22919989,F E57,Cherbourg,10,,,1,3
3rd,Dead,"Lahoud, Mr. Sarkis",male,,0,0,2624,7.2249999,,Cherbourg,,,,0,3
3rd,Dead,"Laitinen, Miss. Kristina Sofia",female,37,0,0,4135,9.58749962,,Southampton,,,,0,3
3rd,Dead,"Laleff, Mr. Kristo",male,,0,0,349217,7.89580011,,Southampton,,,,0,3
3rd,Alive,"Lam, Mr. Ali",male,,0,0,1601,56.4958,,Southampton,C,,,1,3
3rd,Dead,"Lam, Mr. Len",male,,0,0,1601,56.4958,,Southampton,,,,0,3
3rd,Alive,"Landergren, Miss. Aurora Adelia",female,22,0,0,C 7077,7.25,,Southampton,13,,,1,3
3rd,Dead,"Lane, Mr. Patrick",male,,0,0,7935,7.75,,Queenstown,,,,0,3
3rd,Alive,"Lang, Mr. Fang",male,26,0,0,1601,56.4958,,Southampton,14,,,1,3
3rd,Dead,"Larsson, Mr. August Viktor",male,29,0,0,7545,9.48330021,,Southampton,,,,0,3
3rd,Dead,"Larsson, Mr. Bengt Edvin",male,29,0,0,347067,7.7750001,,Southampton,,,,0,3
3rd,Dead,"Larsson-Rondberg, Mr. Edvard A",male,22,0,0,347065,7.7750001,,Southampton,,,,0,3
3rd,Alive,"Leeni, Mr. Fahim (\""Philip Zenni",male,22,0,0,2620,7.2249999,,Cherbourg,6,,,1,3
3rd,Dead,"Lefebre, Master. Henry Forbes",male,,3,1,4133,25.4666996,,Southampton,,,,0,3
3rd,Dead,"Lefebre, Miss. Ida",female,,3,1,4133,25.4666996,,Southampton,,,,0,3
3rd,Dead,"Lefebre, Miss. Jeannie",female,,3,1,4133,25.4666996,,Southampton,,,,0,3
3rd,Dead,"Lefebre, Miss. Mathilde",female,,3,1,4133,25.4666996,,Southampton,,,,0,3
3rd,Dead,"Lefebre, Mrs. Frank (Frances)",female,,0,4,4133,25.4666996,,Southampton,,,,0,3
3rd,Dead,"Leinonen, Mr. Antti Gustaf",male,32,0,0,STON/O 2. 3101292,7.92500019,,Southampton,,,,0,3
3rd,Dead,"Lemberopolous, Mr. Peter L",male,34.5,0,0,2683,6.4375,,Cherbourg,,196,,0,3
3rd,Dead,"Lennon, Miss. Mary",female,,1,0,370371,15.5,,Queenstown,,,,0,3
3rd,Dead,"Lennon, Mr. Denis",male,,1,0,370371,15.5,,Queenstown,,,,0,3
3rd,Dead,"Leonard, Mr. Lionel",male,36,0,0,LINE,0,,Southampton,,,,0,3
3rd,Dead,"Lester, Mr. James",male,39,0,0,A/4 48871,24.1499996,,Southampton,,,,0,3
3rd,Dead,"Lievens, Mr. Rene Aime",male,24,0,0,345781,9.5,,Southampton,,,,0,3
3rd,Dead,"Lindahl, Miss. Agda Thorilda Vi",female,25,0,0,347071,7.7750001,,Southampton,,,,0,3
3rd,Dead,"Lindblom, Miss. Augusta Charlot",female,45,0,0,347073,7.75,,Southampton,,,,0,3
3rd,Dead,"Lindell, Mr. Edvard Bengtsson",male,36,1,0,349910,15.5500002,,Southampton,A,,,0,3
3rd,Dead,"Lindell, Mrs. Edvard Bengtsson",female,30,1,0,349910,15.5500002,,Southampton,A,,,0,3
3rd,Alive,"Lindqvist, Mr. Eino William",male,20,1,0,STON/O 2. 3101285,7.92500019,,Southampton,15,,,1,3
3rd,Dead,"Linehan, Mr. Michael",male,,0,0,330971,7.87919998,,Queenstown,,,,0,3
3rd,Dead,"Ling, Mr. Lee",male,28,0,0,1601,56.4958,,Southampton,,,,0,3
3rd,Dead,"Lithman, Mr. Simon",male,,0,0,S.O./P.P. 251,7.55000019,,Southampton,,,,0,3
3rd,Dead,"Lobb, Mr. William Arthur",male,30,1,0,A/5. 3336,16.1000004,,Southampton,,,,0,3
3rd,Dead,"Lobb, Mrs. William Arthur (Cord",female,26,1,0,A/5. 3336,16.1000004,,Southampton,,,,0,3
3rd,Dead,"Lockyer, Mr. Edward",male,,0,0,1222,7.87919998,,Southampton,,153,,0,3
3rd,Dead,"Lovell, Mr. John Hall (\""Henry\"")",male,20.5,0,0,A/5 21173,7.25,,Southampton,,,,0,3
3rd,Alive,"Lulic, Mr. Nikola",male,27,0,0,315098,8.66250038,,Southampton,15,,,1,3
3rd,Dead,"Lundahl, Mr. Johan Svensson",male,51,0,0,347743,7.05420017,,Southampton,,,,0,3
3rd,Alive,"Lundin, Miss. Olga Elida",female,23,0,0,347469,7.85419989,,Southampton,10,,,1,3
3rd,Alive,"Lundstrom, Mr. Thure Edvin",male,32,0,0,350403,7.57919979,,Southampton,15,,,1,3
3rd,Dead,"Lyntakoff, Mr. Stanko",male,,0,0,349235,7.89580011,,Southampton,,,,0,3
3rd,Dead,"MacKay, Mr. George William",male,,0,0,C.A. 42795,7.55000019,,Southampton,,,,0,3
3rd,Alive,"Madigan, Miss. Margaret \""Maggie",female,,0,0,370370,7.75,,Queenstown,15,,,1,3
3rd,Alive,"Madsen, Mr. Fridtjof Arne",male,24,0,0,C 17369,7.14169979,,Southampton,13,,,1,3
3rd,Dead,"Maenpaa, Mr. Matti Alexanteri",male,22,0,0,STON/O 2. 3101275,7.125,,Southampton,,,,0,3
3rd,Dead,"Mahon, Miss. Bridget Delia",female,,0,0,330924,7.87919998,,Queenstown,,,,0,3
3rd,Dead,"Mahon, Mr. John",male,,0,0,AQ/4 3130,7.75,,Queenstown,,,,0,3
3rd,Dead,"Maisner, Mr. Simon",male,,0,0,A/S 2816,8.05000019,,Southampton,,,,0,3
3rd,Dead,"Makinen, Mr. Kalle Edvard",male,29,0,0,STON/O 2. 3101268,7.92500019,,Southampton,,,,0,3
3rd,Alive,"Mamee, Mr. Hanna",male,,0,0,2677,7.22919989,,Cherbourg,15,,,1,3
3rd,Dead,"Mangan, Miss. Mary",female,30.5,0,0,364850,7.75,,Queenstown,,61,,0,3
3rd,Alive,"Mannion, Miss. Margareth",female,,0,0,36866,7.73750019,,Queenstown,16,,,1,3
3rd,Dead,"Mardirosian, Mr. Sarkis",male,,0,0,2655,7.22919989,F E46,Cherbourg,,,,0,3
3rd,Dead,"Markoff, Mr. Marin",male,35,0,0,349213,7.89580011,,Cherbourg,,,,0,3
3rd,Dead,"Markun, Mr. Johann",male,33,0,0,349257,7.89580011,,Southampton,,,,0,3
3rd,Alive,"Masselmani, Mrs. Fatima",female,,0,0,2649,7.2249999,,Cherbourg,C,,,1,3
3rd,Dead,"Matinoff, Mr. Nicola",male,,0,0,349255,7.89580011,,Cherbourg,,,,0,3
3rd,Alive,"McCarthy, Miss. Catherine \""Kati",female,,0,0,383123,7.75,,Queenstown,15 16,,,1,3
3rd,Alive,"McCormack, Mr. Thomas Joseph",male,,0,0,367228,7.75,,Queenstown,,,,1,3
3rd,Alive,"McCoy, Miss. Agnes",female,,2,0,367226,23.25,,Queenstown,16,,,1,3
3rd,Alive,"McCoy, Miss. Alicia",female,,2,0,367226,23.25,,Queenstown,16,,,1,3
3rd,Alive,"McCoy, Mr. Bernard",male,,2,0,367226,23.25,,Queenstown,16,,,1,3
3rd,Alive,"McDermott, Miss. Brigdet Delia",female,,0,0,330932,7.7874999,,Queenstown,13,,,1,3
3rd,Dead,"McEvoy, Mr. Michael",male,,0,0,36568,15.5,,Queenstown,,,,0,3
3rd,Alive,"McGovern, Miss. Mary",female,,0,0,330931,7.87919998,,Queenstown,13,,,1,3
3rd,Alive,"McGowan, Miss. Anna \""Annie\""",female,15,0,0,330923,8.0291996,,Queenstown,,,,1,3
3rd,Dead,"McGowan, Miss. Katherine",female,35,0,0,9232,7.75,,Queenstown,,,,0,3
3rd,Dead,"McMahon, Mr. Martin",male,,0,0,370372,7.75,,Queenstown,,,,0,3
3rd,Dead,"McNamee, Mr. Neal",male,24,1,0,376566,16.1000004,,Southampton,,,,0,3
3rd,Dead,"McNamee, Mrs. Neal (Eileen O'Le",female,19,1,0,376566,16.1000004,,Southampton,,53,,0,3
3rd,Dead,"McNeill, Miss. Bridget",female,,0,0,370368,7.75,,Queenstown,,,,0,3
3rd,Dead,"Meanwell, Miss. (Marion Ogden)",female,,0,0,SOTON/O.Q. 392087,8.05000019,,Southampton,,,,0,3
3rd,Dead,"Meek, Mrs. Thomas (Annie Louise",female,,0,0,343095,8.05000019,,Southampton,,,,0,3
3rd,Dead,"Meo, Mr. Alfonzo",male,55.5,0,0,A.5. 11206,8.05000019,,Southampton,,201,,0,3
3rd,Dead,"Mernagh, Mr. Robert",male,,0,0,368703,7.75,,Queenstown,,,,0,3
3rd,Alive,"Midtsjo, Mr. Karl Albert",male,21,0,0,345501,7.7750001,,Southampton,15,,,1,3
3rd,Dead,"Miles, Mr. Frank",male,,0,0,359306,8.05000019,,Southampton,,,,0,3
3rd,Dead,"Mineff, Mr. Ivan",male,24,0,0,349233,7.89580011,,Southampton,,,,0,3
3rd,Dead,"Minkoff, Mr. Lazar",male,21,0,0,349211,7.89580011,,Southampton,,,,0,3
3rd,Dead,"Mionoff, Mr. Stoytcho",male,28,0,0,349207,7.89580011,,Southampton,,,,0,3
3rd,Dead,"Mitkoff, Mr. Mito",male,,0,0,349221,7.89580011,,Southampton,,,,0,3
3rd,Alive,"Mockler, Miss. Helen Mary \""Elli",female,,0,0,330980,7.87919998,,Queenstown,16,,,1,3
3rd,Dead,"Moen, Mr. Sigurd Hansen",male,25,0,0,348123,7.6500001,F G73,Southampton,,309,,0,3
3rd,Alive,"Moor, Master. Meier",male,6,0,1,392096,12.4750004,E121,Southampton,14,,,1,3
3rd,Alive,"Moor, Mrs. (Beila)",female,27,0,1,392096,12.4750004,E121,Southampton,14,,,1,3
3rd,Dead,"Moore, Mr. Leonard Charles",male,,0,0,A4. 54510,8.05000019,,Southampton,,,,0,3
3rd,Alive,"Moran, Miss. Bertha",female,,1,0,371110,24.1499996,,Queenstown,16,,,1,3
3rd,Dead,"Moran, Mr. Daniel J",male,,1,0,371110,24.1499996,,Queenstown,,,,0,3
3rd,Dead,"Moran, Mr. James",male,,0,0,330877,8.45829964,,Queenstown,,,,0,3
3rd,Dead,"Morley, Mr. William",male,34,0,0,364506,8.05000019,,Southampton,,,,0,3
3rd,Dead,"Morrow, Mr. Thomas Rowan",male,,0,0,372622,7.75,,Queenstown,,,,0,3
3rd,Alive,"Moss, Mr. Albert Johan",male,,0,0,312991,7.7750001,,Southampton,B,,,1,3
3rd,Alive,"Moubarek, Master. Gerios",male,,1,1,2661,15.2458,,Cherbourg,C,,,1,3
3rd,Alive,"Moubarek, Master. Halim Gonios",male,,1,1,2661,15.2458,,Cherbourg,C,,,1,3
3rd,Alive,"Moubarek, Mrs. George (Omine \""A",female,,0,2,2661,15.2458,,Cherbourg,C,,,1,3
3rd,Alive,"Moussa, Mrs. (Mantoura Boulos)",female,,0,0,2626,7.22919989,,Cherbourg,,,,1,3
3rd,Dead,"Moutal, Mr. Rahamin Haim",male,,0,0,374746,8.05000019,,Southampton,,,,0,3
3rd,Alive,"Mullens, Miss. Katherine \""Katie",female,,0,0,35852,7.73330021,,Queenstown,16,,,1,3
3rd,Alive,"Mulvihill, Miss. Bertha E",female,24,0,0,382653,7.75,,Queenstown,15,,,1,3
3rd,Dead,"Murdlin, Mr. Joseph",male,,0,0,A./5. 3235,8.05000019,,Southampton,,,,0,3
3rd,Alive,"Murphy, Miss. Katherine \""Kate\""",female,,1,0,367230,15.5,,Queenstown,16,,,1,3
3rd,Alive,"Murphy, Miss. Margaret Jane",female,,1,0,367230,15.5,,Queenstown,16,,,1,3
3rd,Alive,"Murphy, Miss. Nora",female,,0,0,36568,15.5,,Queenstown,16,,,1,3
3rd,Dead,"Myhrman, Mr. Pehr Fabian Oliver",male,18,0,0,347078,7.75,,Southampton,,,,0,3
3rd,Dead,"Naidenoff, Mr. Penko",male,22,0,0,349206,7.89580011,,Southampton,,,,0,3
3rd,Alive,"Najib, Miss. Adele Kiamie \""Jane",female,15,0,0,2667,7.2249999,,Cherbourg,C,,,1,3
3rd,Alive,"Nakid, Miss. Maria (\""Mary\"")",female,1,0,2,2653,15.7417002,,Cherbourg,C,,,1,3
3rd,Alive,"Nakid, Mr. Sahid",male,20,1,1,2653,15.7417002,,Cherbourg,C,,,1,3
3rd,Alive,"Nakid, Mrs. Said (Waika \""Mary\""",female,19,1,1,2653,15.7417002,,Cherbourg,C,,,1,3
3rd,Dead,"Nancarrow, Mr. William Henry",male,33,0,0,A./5. 3338,8.05000019,,Southampton,,,,0,3
3rd,Dead,"Nankoff, Mr. Minko",male,,0,0,349218,7.89580011,,Southampton,,,,0,3
3rd,Dead,"Nasr, Mr. Mustafa",male,,0,0,2652,7.22919989,,Cherbourg,,,,0,3
3rd,Dead,"Naughton, Miss. Hannah",female,,0,0,365237,7.75,,Queenstown,,,,0,3
3rd,Dead,"Nenkoff, Mr. Christo",male,,0,0,349234,7.89580011,,Southampton,,,,0,3
3rd,Alive,"Nicola-Yarred, Master. Elias",male,12,1,0,2651,11.2417002,,Cherbourg,C,,,1,3
3rd,Alive,"Nicola-Yarred, Miss. Jamila",female,14,1,0,2651,11.2417002,,Cherbourg,C,,,1,3
3rd,Dead,"Nieminen, Miss. Manta Josefina",female,29,0,0,3101297,7.92500019,,Southampton,,,,0,3
3rd,Dead,"Niklasson, Mr. Samuel",male,28,0,0,363611,8.05000019,,Southampton,,,,0,3
3rd,Alive,"Nilsson, Miss. Berta Olivia",female,18,0,0,347066,7.7750001,,Southampton,D,,,1,3
3rd,Alive,"Nilsson, Miss. Helmina Josefina",female,26,0,0,347470,7.85419989,,Southampton,13,,,1,3
3rd,Dead,"Nilsson, Mr. August Ferdinand",male,21,0,0,350410,7.85419989,,Southampton,,,,0,3
3rd,Dead,"Nirva, Mr. Iisakki Antino Aijo",male,41,0,0,SOTON/O2 3101272,7.125,,Southampton,,,"Finland Sudbury, ON",0,3
3rd,Alive,"Niskanen, Mr. Juha",male,39,0,0,STON/O 2. 3101289,7.92500019,,Southampton,9,,,1,3
3rd,Dead,"Nosworthy, Mr. Richard Cater",male,21,0,0,A/4. 39886,7.80000019,,Southampton,,,,0,3
3rd,Dead,"Novel, Mr. Mansouer",male,28.5,0,0,2697,7.22919989,,Cherbourg,,181,,0,3
3rd,Alive,"Nysten, Miss. Anna Sofia",female,22,0,0,347081,7.75,,Southampton,13,,,1,3
3rd,Dead,"Nysveen, Mr. Johan Hansen",male,61,0,0,345364,6.23750019,,Southampton,,,,0,3
3rd,Dead,"O'Brien, Mr. Thomas",male,,1,0,370365,15.5,,Queenstown,,,,0,3
3rd,Dead,"O'Brien, Mr. Timothy",male,,0,0,330979,7.82919979,,Queenstown,,,,0,3
3rd,Alive,"O'Brien, Mrs. Thomas (Johanna \""",female,,1,0,370365,15.5,,Queenstown,,,,1,3
3rd,Dead,"O'Connell, Mr. Patrick D",male,,0,0,334912,7.73330021,,Queenstown,,,,0,3
3rd,Dead,"O'Connor, Mr. Maurice",male,,0,0,371060,7.75,,Queenstown,,,,0,3
3rd,Dead,"O'Connor, Mr. Patrick",male,,0,0,366713,7.75,,Queenstown,,,,0,3
3rd,Dead,"Odahl, Mr. Nils Martin",male,23,0,0,7267,9.22500038,,Southampton,,,,0,3
3rd,Dead,"O'Donoghue, Ms. Bridget",female,,0,0,364856,7.75,,Queenstown,,,,0,3
3rd,Alive,"O'Driscoll, Miss. Bridget",female,,0,0,14311,7.75,,Queenstown,D,,,1,3
3rd,Alive,"O'Dwyer, Miss. Ellen \""Nellie\""",female,,0,0,330959,7.87919998,,Queenstown,,,,1,3
3rd,Alive,"Ohman, Miss. Velin",female,22,0,0,347085,7.7750001,,Southampton,C,,,1,3
3rd,Alive,"O'Keefe, Mr. Patrick",male,,0,0,368402,7.75,,Queenstown,B,,,1,3
3rd,Alive,"O'Leary, Miss. Hanora \""Norah\""",female,,0,0,330919,7.82919979,,Queenstown,13,,,1,3
3rd,Alive,"Olsen, Master. Artur Karl",male,9,0,1,C 17368,3.17079997,,Southampton,13,,,1,3
3rd,Dead,"Olsen, Mr. Henry Margido",male,28,0,0,C 4001,22.5249996,,Southampton,,173,,0,3
3rd,Dead,"Olsen, Mr. Karl Siegwart Andrea",male,42,0,1,4579,8.4041996,,Southampton,,,,0,3
3rd,Dead,"Olsen, Mr. Ole Martin",male,,0,0,Fa 265302,7.3125,,Southampton,,,,0,3
3rd,Dead,"Olsson, Miss. Elina",female,31,0,0,350407,7.85419989,,Southampton,,,,0,3
3rd,Dead,"Olsson, Mr. Nils Johan Goransso",male,28,0,0,347464,7.85419989,,Southampton,,,,0,3
3rd,Alive,"Olsson, Mr. Oscar Wilhelm",male,32,0,0,347079,7.7750001,,Southampton,A,,,1,3
3rd,Dead,"Olsvigen, Mr. Thor Anderson",male,20,0,0,6563,9.22500038,,Southampton,,89,"Oslo, Norway Cameron, WI",0,3
3rd,Dead,"Oreskovic, Miss. Jelka",female,23,0,0,315085,8.66250038,,Southampton,,,,0,3
3rd,Dead,"Oreskovic, Miss. Marija",female,20,0,0,315096,8.66250038,,Southampton,,,,0,3
3rd,Dead,"Oreskovic, Mr. Luka",male,20,0,0,315094,8.66250038,,Southampton,,,,0,3
3rd,Dead,"Osen, Mr. Olaf Elon",male,16,0,0,7534,9.2166996,,Southampton,,,,0,3
3rd,Alive,"Osman, Mrs. Mara",female,31,0,0,349244,8.68330002,,Southampton,,,,1,3
3rd,Dead,"O'Sullivan, Miss. Bridget Mary",female,,0,0,330909,7.62919998,,Queenstown,,,,0,3
3rd,Dead,"Palsson, Master. Gosta Leonard",male,2,3,1,349909,21.0750008,,Southampton,,4,,0,3
3rd,Dead,"Palsson, Master. Paul Folke",male,6,3,1,349909,21.0750008,,Southampton,,,,0,3
3rd,Dead,"Palsson, Miss. Stina Viola",female,3,3,1,349909,21.0750008,,Southampton,,,,0,3
3rd,Dead,"Palsson, Miss. Torborg Danira",female,8,3,1,349909,21.0750008,,Southampton,,,,0,3
3rd,Dead,"Palsson, Mrs. Nils (Alma Cornel",female,29,0,4,349909,21.0750008,,Southampton,,206,,0,3
3rd,Dead,"Panula, Master. Eino Viljami",male,1,4,1,3101295,39.6875,,Southampton,,,,0,3
3rd,Dead,"Panula, Master. Juha Niilo",male,7,4,1,3101295,39.6875,,Southampton,,,,0,3
3rd,Dead,"Panula, Master. Urho Abraham",male,2,4,1,3101295,39.6875,,Southampton,,,,0,3
3rd,Dead,"Panula, Mr. Ernesti Arvid",male,16,4,1,3101295,39.6875,,Southampton,,,,0,3
3rd,Dead,"Panula, Mr. Jaako Arnold",male,14,4,1,3101295,39.6875,,Southampton,,,,0,3
3rd,Dead,"Panula, Mrs. Juha (Maria Emilia",female,41,0,5,3101295,39.6875,,Southampton,,,,0,3
3rd,Dead,"Pasic, Mr. Jakob",male,21,0,0,315097,8.66250038,,Southampton,,,,0,3
3rd,Dead,"Patchett, Mr. George",male,19,0,0,358585,14.5,,Southampton,,,,0,3
3rd,Dead,"Paulner, Mr. Uscher",male,,0,0,3411,8.71249962,,Cherbourg,,,,0,3
3rd,Dead,"Pavlovic, Mr. Stefo",male,32,0,0,349242,7.89580011,,Southampton,,,,0,3
3rd,Dead,"Peacock, Master. Alfred Edward",male,0.75,1,1,SOTON/O.Q. 3101315,13.7749996,,Southampton,,,,0,3
3rd,Dead,"Peacock, Miss. Treasteall",female,3,1,1,SOTON/O.Q. 3101315,13.7749996,,Southampton,,,,0,3
3rd,Dead,"Peacock, Mrs. Benjamin (Edith N",female,26,0,2,SOTON/O.Q. 3101315,13.7749996,,Southampton,,,,0,3
3rd,Dead,"Pearce, Mr. Ernest",male,,0,0,343271,7,,Southampton,,,,0,3
3rd,Dead,"Pedersen, Mr. Olaf",male,,0,0,345498,7.7750001,,Southampton,,,,0,3
3rd,Dead,"Peduzzi, Mr. Joseph",male,,0,0,A/5 2817,8.05000019,,Southampton,,,,0,3
3rd,Dead,"Pekoniemi, Mr. Edvard",male,21,0,0,STON/O 2. 3101294,7.92500019,,Southampton,,,,0,3
3rd,Dead,"Peltomaki, Mr. Nikolai Johannes",male,25,0,0,STON/O 2. 3101291,7.92500019,,Southampton,,,,0,3
3rd,Dead,"Perkin, Mr. John Henry",male,22,0,0,A/5 21174,7.25,,Southampton,,,,0,3
3rd,Alive,"Persson, Mr. Ernst Ulrik",male,25,1,0,347083,7.7750001,,Southampton,15,,,1,3
3rd,Alive,"Peter, Master. Michael J",male,,1,1,2668,22.3582993,,Cherbourg,C,,,1,3
3rd,Alive,"Peter, Miss. Anna",female,,1,1,2668,22.3582993,F E69,Cherbourg,D,,,1,3
3rd,Alive,"Peter, Mrs. Catherine (Catherin",female,,0,2,2668,22.3582993,,Cherbourg,D,,,1,3
3rd,Dead,"Peters, Miss. Katie",female,,0,0,330935,8.13749981,,Queenstown,,,,0,3
3rd,Dead,"Petersen, Mr. Marius",male,24,0,0,342441,8.05000019,,Southampton,,,,0,3
3rd,Dead,"Petranec, Miss. Matilda",female,28,0,0,349245,7.89580011,,Southampton,,,,0,3
3rd,Dead,"Petroff, Mr. Nedelio",male,19,0,0,349212,7.89580011,,Southampton,,,,0,3
3rd,Dead,"Petroff, Mr. Pastcho (\""Pentcho\""",male,,0,0,349215,7.89580011,,Southampton,,,,0,3
3rd,Dead,"Petterson, Mr. Johan Emil",male,25,1,0,347076,7.7750001,,Southampton,,,,0,3
3rd,Dead,"Pettersson, Miss. Ellen Natalia",female,18,0,0,347087,7.7750001,,Southampton,,,,0,3
3rd,Alive,"Pickard, Mr. Berk (Berk Trembis",male,32,0,0,SOTON/O.Q. 392078,8.05000019,E10,Southampton,9,,,1,3
3rd,Dead,"Plotcharsky, Mr. Vasil",male,,0,0,349227,7.89580011,,Southampton,,,,0,3
3rd,Dead,"Pokrnic, Mr. Mate",male,17,0,0,315095,8.66250038,,Southampton,,,,0,3
3rd,Dead,"Pokrnic, Mr. Tome",male,24,0,0,315092,8.66250038,,Southampton,,,,0,3
3rd,Dead,"Radeff, Mr. Alexander",male,,0,0,349223,7.89580011,,Southampton,,,,0,3
3rd,Dead,"Rasmussen, Mrs. (Lena Jacobsen",female,,0,0,65305,8.11250019,,Southampton,,,,0,3
3rd,Dead,"Razi, Mr. Raihed",male,,0,0,2629,7.22919989,,Cherbourg,,,,0,3
3rd,Dead,"Reed, Mr. James George",male,,0,0,362316,7.25,,Southampton,,,,0,3
3rd,Dead,"Rekic, Mr. Tido",male,38,0,0,349249,7.89580011,,Southampton,,,,0,3
3rd,Dead,"Reynolds, Mr. Harold J",male,21,0,0,342684,8.05000019,,Southampton,,,,0,3
3rd,Dead,"Rice, Master. Albert",male,10,4,1,382652,29.125,,Queenstown,,,,0,3
3rd,Dead,"Rice, Master. Arthur",male,4,4,1,382652,29.125,,Queenstown,,,,0,3
3rd,Dead,"Rice, Master. Eric",male,7,4,1,382652,29.125,,Queenstown,,,,0,3
3rd,Dead,"Rice, Master. Eugene",male,2,4,1,382652,29.125,,Queenstown,,,,0,3
3rd,Dead,"Rice, Master. George Hugh",male,8,4,1,382652,29.125,,Queenstown,,,,0,3
3rd,Dead,"Rice, Mrs. William (Margaret No",female,39,0,5,382652,29.125,,Queenstown,,327,,0,3
3rd,Dead,"Riihivouri, Miss. Susanna Juhan",female,22,0,0,3101295,39.6875,,Southampton,,,,0,3
3rd,Dead,"Rintamaki, Mr. Matti",male,35,0,0,STON/O 2. 3101273,7.125,,Southampton,,,,0,3
3rd,Alive,"Riordan, Miss. Johanna \""Hannah\""",female,,0,0,334915,7.72079992,,Queenstown,13,,,1,3
3rd,Dead,"Risien, Mr. Samuel Beard",male,,0,0,364498,14.5,,Southampton,,,,0,3
3rd,Dead,"Risien, Mrs. Samuel (Emma)",female,,0,0,364498,14.5,,Southampton,,,,0,3
3rd,Dead,"Robins, Mr. Alexander A",male,50,1,0,A/5. 3337,14.5,,Southampton,,119,,0,3
3rd,Dead,"Robins, Mrs. Alexander A (Grace",female,47,1,0,A/5. 3337,14.5,,Southampton,,7,,0,3
3rd,Dead,"Rogers, Mr. William John",male,,0,0,S.C./A.4. 23567,8.05000019,,Southampton,,,,0,3
3rd,Dead,"Rommetvedt, Mr. Knud Paust",male,,0,0,312993,7.7750001,,Southampton,,,,0,3
3rd,Dead,"Rosblom, Miss. Salli Helena",female,2,1,1,370129,20.2124996,,Southampton,,,,0,3
3rd,Dead,"Rosblom, Mr. Viktor Richard",male,18,1,1,370129,20.2124996,,Southampton,,,,0,3
3rd,Dead,"Rosblom, Mrs. Viktor (Helena Wi",female,41,0,2,370129,20.2124996,,Southampton,,,,0,3
3rd,Alive,"Roth, Miss. Sarah A",female,,0,0,342712,8.05000019,,Southampton,C,,,1,3
3rd,Dead,"Rouse, Mr. Richard Henry",male,50,0,0,A/5 3594,8.05000019,,Southampton,,,,0,3
3rd,Dead,"Rush, Mr. Alfred George John",male,16,0,0,A/4. 20589,8.05000019,,Southampton,,,,0,3
3rd,Alive,"Ryan, Mr. Edward",male,,0,0,383162,7.75,,Queenstown,14,,,1,3
3rd,Dead,"Ryan, Mr. Patrick",male,,0,0,371110,24.1499996,,Queenstown,,,,0,3
3rd,Dead,"Saad, Mr. Amin",male,,0,0,2671,7.22919989,,Cherbourg,,,,0,3
3rd,Dead,"Saad, Mr. Khalil",male,25,0,0,2672,7.2249999,,Cherbourg,,,,0,3
3rd,Dead,"Saade, Mr. Jean Nassr",male,,0,0,2676,7.2249999,,Cherbourg,,,,0,3
3rd,Dead,"Sadlier, Mr. Matthew",male,,0,0,367655,7.72919989,,Queenstown,,,,0,3
3rd,Dead,"Sadowitz, Mr. Harry",male,,0,0,LP 1588,7.57499981,,Southampton,,,,0,3
3rd,Dead,"Saether, Mr. Simon Sivertsen",male,38.5,0,0,SOTON/O.Q. 3101262,7.25,,Southampton,,32,,0,3
3rd,Dead,"Sage, Master. Thomas Henry",male,,8,2,CA. 2343,69.5500031,,Southampton,,,,0,3
3rd,Dead,"Sage, Master. William Henry",male,14.5,8,2,CA. 2343,69.5500031,,Southampton,,67,,0,3
3rd,Dead,"Sage, Miss. Ada",female,,8,2,CA. 2343,69.5500031,,Southampton,,,,0,3
3rd,Dead,"Sage, Miss. Constance Gladys",female,,8,2,CA. 2343,69.5500031,,Southampton,,,,0,3
3rd,Dead,"Sage, Miss. Dorothy Edith \""Doll",female,,8,2,CA. 2343,69.5500031,,Southampton,,,,0,3
3rd,Dead,"Sage, Miss. Stella Anna",female,,8,2,CA. 2343,69.5500031,,Southampton,,,,0,3
3rd,Dead,"Sage, Mr. Douglas Bullen",male,,8,2,CA. 2343,69.5500031,,Southampton,,,,0,3
3rd,Dead,"Sage, Mr. Frederick",male,,8,2,CA. 2343,69.5500031,,Southampton,,,,0,3
3rd,Dead,"Sage, Mr. George John Jr",male,,8,2,CA. 2343,69.5500031,,Southampton,,,,0,3
3rd,Dead,"Sage, Mr. John George",male,,1,9,CA. 2343,69.5500031,,Southampton,,,,0,3
3rd,Dead,"Sage, Mrs. John (Annie Bullen)",female,,1,9,CA. 2343,69.5500031,,Southampton,,,,0,3
3rd,Dead,"Salander, Mr. Karl Johan",male,24,0,0,7266,9.32499981,,Southampton,,,,0,3
3rd,Alive,"Salkjelsvik, Miss. Anna Kristin",female,21,0,0,343120,7.6500001,,Southampton,C,,,1,3
3rd,Dead,"Salonen, Mr. Johan Werner",male,39,0,0,3101296,7.92500019,,Southampton,,,,0,3
3rd,Dead,"Samaan, Mr. Elias",male,,2,0,2662,21.6791992,,Cherbourg,,,,0,3
3rd,Dead,"Samaan, Mr. Hanna",male,,2,0,2662,21.6791992,,Cherbourg,,,,0,3
3rd,Dead,"Samaan, Mr. Youssef",male,,2,0,2662,21.6791992,,Cherbourg,,,,0,3
3rd,Alive,"Sandstrom, Miss. Beatrice Irene",female,1,1,1,PP 9549,16.7000008,G6,Southampton,13,,,1,3
3rd,Alive,"Sandstrom, Mrs. Hjalmar (Agnes",female,24,0,2,PP 9549,16.7000008,G6,Southampton,13,,,1,3
3rd,Alive,"Sandstrom, Miss. Marguerite Rut",female,4,1,1,PP 9549,16.7000008,G6,Southampton,13,,,1,3
3rd,Alive,"Sap, Mr. Julius",male,25,0,0,345768,9.5,,Southampton,11,,,1,3
3rd,Dead,"Saundercock, Mr. William Henry",male,20,0,0,A/5. 2151,8.05000019,,Southampton,,,,0,3
3rd,Dead,"Sawyer, Mr. Frederick Charles",male,24.5,0,0,342826,8.05000019,,Southampton,,284,,0,3
3rd,Dead,"Scanlan, Mr. James",male,,0,0,36209,7.7249999,,Queenstown,,,,0,3
3rd,Dead,"Sdycoff, Mr. Todor",male,,0,0,349222,7.89580011,,Southampton,,,,0,3
3rd,Dead,"Shaughnessy, Mr. Patrick",male,,0,0,370374,7.75,,Queenstown,,,,0,3
3rd,Alive,"Sheerlinck, Mr. Jan Baptist",male,29,0,0,345779,9.5,,Southampton,11,,,1,3
3rd,Dead,"Shellard, Mr. Frederick William",male,,0,0,C.A. 6212,15.1000004,,Southampton,,,,0,3
3rd,Alive,"Shine, Miss. Ellen Natalia",female,,0,0,330968,7.77920008,,Queenstown,,,,1,3
3rd,Dead,"Shorney, Mr. Charles Joseph",male,,0,0,374910,8.05000019,,Southampton,,,,0,3
3rd,Dead,"Simmons, Mr. John",male,,0,0,SOTON/OQ 392082,8.05000019,,Southampton,,,,0,3
3rd,Dead,"Sirayanian, Mr. Orsen",male,22,0,0,2669,7.22919989,,Cherbourg,,,,0,3
3rd,Dead,"Sirota, Mr. Maurice",male,,0,0,392092,8.05000019,,Southampton,,,,0,3
3rd,Dead,"Sivic, Mr. Husein",male,40,0,0,349251,7.89580011,,Southampton,,,,0,3
3rd,Dead,"Sivola, Mr. Antti Wilhelm",male,21,0,0,STON/O 2. 3101280,7.92500019,,Southampton,,,,0,3
3rd,Alive,"Sjoblom, Miss. Anna Sofia",female,18,0,0,3101265,7.49580002,,Southampton,16,,,1,3
3rd,Dead,"Skoog, Master. Harald",male,4,3,2,347088,27.8999996,,Southampton,,,,0,3
3rd,Dead,"Skoog, Master. Karl Thorsten",male,10,3,2,347088,27.8999996,,Southampton,,,,0,3
3rd,Dead,"Skoog, Miss. Mabel",female,9,3,2,347088,27.8999996,,Southampton,,,,0,3
3rd,Dead,"Skoog, Miss. Margit Elizabeth",female,2,3,2,347088,27.8999996,,Southampton,,,,0,3
3rd,Dead,"Skoog, Mr. Wilhelm",male,40,1,4,347088,27.8999996,,Southampton,,,,0,3
3rd,Dead,"Skoog, Mrs. William (Anna Bernh",female,45,1,4,347088,27.8999996,,Southampton,,,,0,3
3rd,Dead,"Slabenoff, Mr. Petco",male,,0,0,349214,7.89580011,,Southampton,,,,0,3
3rd,Dead,"Slocovski, Mr. Selman Francis",male,,0,0,SOTON/OQ 392086,8.05000019,,Southampton,,,,0,3
3rd,Dead,"Smiljanic, Mr. Mile",male,,0,0,315037,8.66250038,,Southampton,,,,0,3
3rd,Dead,"Smith, Mr. Thomas",male,,0,0,384461,7.75,,Queenstown,,,,0,3
3rd,Alive,"Smyth, Miss. Julia",female,,0,0,335432,7.73330021,,Queenstown,13,,,1,3
3rd,Dead,"Soholt, Mr. Peter Andreas Lauri",male,19,0,0,348124,7.6500001,F G73,Southampton,,,,0,3
3rd,Dead,"Somerton, Mr. Francis William",male,30,0,0,A.5. 18509,8.05000019,,Southampton,,,,0,3
3rd,Dead,"Spector, Mr. Woolf",male,,0,0,A.5. 3236,8.05000019,,Southampton,,,,0,3
3rd,Dead,"Spinner, Mr. Henry John",male,32,0,0,STON/OQ. 369943,8.05000019,,Southampton,,,,0,3
3rd,Dead,"Staneff, Mr. Ivan",male,,0,0,349208,7.89580011,,Southampton,,,,0,3
3rd,Dead,"Stankovic, Mr. Ivan",male,33,0,0,349239,8.66250038,,Cherbourg,,,,0,3
3rd,Alive,"Stanley, Miss. Amy Zillah Elsie",female,23,0,0,CA. 2314,7.55000019,,Southampton,C,,,1,3
3rd,Dead,"Stanley, Mr. Edward Roland",male,21,0,0,A/4 45380,8.05000019,,Southampton,,,,0,3
3rd,Dead,"Storey, Mr. Thomas",male,60.5,0,0,3701,,,Southampton,,261,,0,3
3rd,Dead,"Stoytcheff, Mr. Ilia",male,19,0,0,349205,7.89580011,,Southampton,,,,0,3
3rd,Dead,"Strandberg, Miss. Ida Sofia",female,22,0,0,7553,9.83749962,,Southampton,,,,0,3
3rd,Alive,"Stranden, Mr. Juho",male,31,0,0,STON/O 2. 3101288,7.92500019,,Southampton,9,,,1,3
3rd,Dead,"Strilic, Mr. Ivan",male,27,0,0,315083,8.66250038,,Southampton,,,,0,3
3rd,Dead,"Strom, Miss. Telma Matilda",female,2,0,1,347054,10.4624996,G6,Southampton,,,,0,3
3rd,Dead,"Strom, Mrs. Wilhelm (Elna Matil",female,29,1,1,347054,10.4624996,G6,Southampton,,,,0,3
3rd,Alive,"Sunderland, Mr. Victor Francis",male,16,0,0,SOTON/OQ 392089,8.05000019,,Southampton,B,,,1,3
3rd,Alive,"Sundman, Mr. Johan Julian",male,44,0,0,STON/O 2. 3101269,7.92500019,,Southampton,15,,,1,3
3rd,Dead,"Sutehall, Mr. Henry Jr",male,25,0,0,SOTON/OQ 392076,7.05000019,,Southampton,,,,0,3
3rd,Dead,"Svensson, Mr. Johan",male,74,0,0,347060,7.7750001,,Southampton,,,,0,3
3rd,Alive,"Svensson, Mr. Johan Cervin",male,14,0,0,7538,9.22500038,,Southampton,13,,,1,3
3rd,Dead,"Svensson, Mr. Olof",male,24,0,0,350035,7.79580021,,Southampton,,,,0,3
3rd,Alive,"Tenglin, Mr. Gunnar Isidor",male,25,0,0,350033,7.79580021,,Southampton,13 15,,,1,3
3rd,Dead,"Theobald, Mr. Thomas Leonard",male,34,0,0,363294,8.05000019,,Southampton,,176,,0,3
3rd,Alive,"Thomas, Master. Assad Alexander",male,0.416700006,0,1,2625,8.51669979,,Cherbourg,16,,,1,3
3rd,Dead,"Thomas, Mr. Charles P",male,,1,0,2621,6.4375,,Cherbourg,,,,0,3
3rd,Dead,"Thomas, Mr. John",male,,0,0,2681,6.4375,,Cherbourg,,,,0,3
3rd,Dead,"Thomas, Mr. Tannous",male,,0,0,2684,7.2249999,,Cherbourg,,,,0,3
3rd,Alive,"Thomas, Mrs. Alexander (Thamine",female,16,1,1,2625,8.51669979,,Cherbourg,14,,,1,3
3rd,Dead,"Thomson, Mr. Alexander Morrison",male,,0,0,32302,8.05000019,,Southampton,,,,0,3
3rd,Dead,"Thorneycroft, Mr. Percival",male,,1,0,376564,16.1000004,,Southampton,,,,0,3
3rd,Alive,"Thorneycroft, Mrs. Percival (Fl",female,,1,0,376564,16.1000004,,Southampton,10,,,1,3
3rd,Dead,"Tikkanen, Mr. Juho",male,32,0,0,STON/O 2. 3101293,7.92500019,,Southampton,,,,0,3
3rd,Dead,"Tobin, Mr. Roger",male,,0,0,383121,7.75,F38,Queenstown,,,,0,3
3rd,Dead,"Todoroff, Mr. Lalio",male,,0,0,349216,7.89580011,,Southampton,,,,0,3
3rd,Dead,"Tomlin, Mr. Ernest Portage",male,30.5,0,0,364499,8.05000019,,Southampton,,50,,0,3
3rd,Dead,"Torber, Mr. Ernst William",male,44,0,0,364511,8.05000019,,Southampton,,,,0,3
3rd,Dead,"Torfa, Mr. Assad",male,,0,0,2673,7.22919989,,Cherbourg,,,,0,3
3rd,Alive,"Tornquist, Mr. William Henry",male,25,0,0,LINE,0,,Southampton,15,,,1,3
3rd,Dead,"Toufik, Mr. Nakli",male,,0,0,2641,7.22919989,,Cherbourg,,,,0,3
3rd,Alive,"Touma, Master. Georges Youssef",male,7,1,1,2650,15.2458,,Cherbourg,C,,,1,3
3rd,Alive,"Touma, Miss. Maria Youssef",female,9,1,1,2650,15.2458,,Cherbourg,C,,,1,3
3rd,Alive,"Touma, Mrs. Darwis (Hanne Youss",female,29,0,2,2650,15.2458,,Cherbourg,C,,,1,3
3rd,Dead,"Turcin, Mr. Stjepan",male,36,0,0,349247,7.89580011,,Southampton,,,,0,3
3rd,Alive,"Turja, Miss. Anna Sofia",female,18,0,0,4138,9.8416996,,Southampton,15,,,1,3
3rd,Alive,"Turkula, Mrs. (Hedwig)",female,63,0,0,4134,9.58749962,,Southampton,15,,,1,3
3rd,Dead,"van Billiard, Master. James Wil",male,,1,1,A/5. 851,14.5,,Southampton,,,,0,3
3rd,Dead,"van Billiard, Master. Walter Jo",male,11.5,1,1,A/5. 851,14.5,,Southampton,,1,,0,3
3rd,Dead,"van Billiard, Mr. Austin Blyler",male,40.5,0,2,A/5. 851,14.5,,Southampton,,255,,0,3
3rd,Dead,"Van Impe, Miss. Catharina",female,10,0,2,345773,24.1499996,,Southampton,,,,0,3
3rd,Dead,"Van Impe, Mr. Jean Baptiste",male,36,1,1,345773,24.1499996,,Southampton,,,,0,3
3rd,Dead,"Van Impe, Mrs. Jean Baptiste (R",female,30,1,1,345773,24.1499996,,Southampton,,,,0,3
3rd,Dead,"van Melkebeke, Mr. Philemon",male,,0,0,345777,9.5,,Southampton,,,,0,3
3rd,Dead,"Vande Velde, Mr. Johannes Josep",male,33,0,0,345780,9.5,,Southampton,,,,0,3
3rd,Dead,"Vande Walle, Mr. Nestor Cyriel",male,28,0,0,345770,9.5,,Southampton,,,,0,3
3rd,Dead,"Vanden Steen, Mr. Leo Peter",male,28,0,0,345783,9.5,,Southampton,,,,0,3
3rd,Dead,"Vander Cruyssen, Mr. Victor",male,47,0,0,345765,9,,Southampton,,,,0,3
3rd,Dead,"Vander Planke, Miss. Augusta Ma",female,18,2,0,345764,18,,Southampton,,,,0,3
3rd,Dead,"Vander Planke, Mr. Julius",male,31,3,0,345763,18,,Southampton,,,,0,3
3rd,Dead,"Vander Planke, Mr. Leo Edmondus",male,16,2,0,345764,18,,Southampton,,,,0,3
3rd,Dead,"Vander Planke, Mrs. Julius (Eme",female,31,1,0,345763,18,,Southampton,,,,0,3
3rd,Alive,"Vartanian, Mr. David",male,22,0,0,2658,7.2249999,,Cherbourg,13 15,,,1,3
3rd,Dead,"Vendel, Mr. Olof Edvin",male,20,0,0,350416,7.85419989,,Southampton,,,,0,3
3rd,Dead,"Vestrom, Miss. Hulda Amanda Ado",female,14,0,0,350406,7.85419989,,Southampton,,,,0,3
3rd,Dead,"Vovk, Mr. Janko",male,22,0,0,349252,7.89580011,,Southampton,,,,0,3
3rd,Dead,"Waelens, Mr. Achille",male,22,0,0,345767,9,,Southampton,,,"Antwerp, Belgium / Stanton, OH",0,3
3rd,Dead,"Ware, Mr. Frederick",male,,0,0,359309,8.05000019,,Southampton,,,,0,3
3rd,Dead,"Warren, Mr. Charles William",male,,0,0,C.A. 49867,7.55000019,,Southampton,,,,0,3
3rd,Dead,"Webber, Mr. James",male,,0,0,SOTON/OQ 3101316,8.05000019,,Southampton,,,,0,3
3rd,Dead,"Wenzel, Mr. Linhart",male,32.5,0,0,345775,9.5,,Southampton,,298,,0,3
3rd,Alive,"Whabee, Mrs. George Joseph (Sha",female,38,0,0,2688,7.22919989,,Cherbourg,C,,,1,3
3rd,Dead,"Widegren, Mr. Carl/Charles Pete",male,51,0,0,347064,7.75,,Southampton,,,,0,3
3rd,Dead,"Wiklund, Mr. Jakob Alfred",male,18,1,0,3101267,6.49580002,,Southampton,,314,,0,3
3rd,Dead,"Wiklund, Mr. Karl Johan",male,21,1,0,3101266,6.49580002,,Southampton,,,,0,3
3rd,Alive,"Wilkes, Mrs. James (Ellen Needs",female,47,1,0,363272,7,,Southampton,,,,1,3
3rd,Dead,"Willer, Mr. Aaron (\""Abi Weller\""",male,,0,0,3410,8.71249962,,Southampton,,,,0,3
3rd,Dead,"Willey, Mr. Edward",male,,0,0,S.O./P.P. 751,7.55000019,,Southampton,,,,0,3
3rd,Dead,"Williams, Mr. Howard Hugh \""Harr",male,,0,0,A/5 2466,8.05000019,,Southampton,,,,0,3
3rd,Dead,"Williams, Mr. Leslie",male,28.5,0,0,54636,16.1000004,,Southampton,,14,,0,3
3rd,Dead,"Windelov, Mr. Einar",male,21,0,0,SOTON/OQ 3101317,7.25,,Southampton,,,,0,3
3rd,Dead,"Wirz, Mr. Albert",male,27,0,0,315154,8.66250038,,Southampton,,131,,0,3
3rd,Dead,"Wiseman, Mr. Phillippe",male,,0,0,A/4. 34244,7.25,,Southampton,,,,0,3
3rd,Dead,"Wittevrongel, Mr. Camille",male,36,0,0,345771,9.5,,Southampton,,,,0,3
3rd,Dead,"Yasbeck, Mr. Antoni",male,27,1,0,2659,14.4541998,,Cherbourg,C,,,0,3
3rd,Alive,"Yasbeck, Mrs. Antoni (Selini Al",female,15,1,0,2659,14.4541998,,Cherbourg,,,,1,3
3rd,Dead,"Youseff, Mr. Gerious",male,45.5,0,0,2628,7.2249999,,Cherbourg,,312,,0,3
3rd,Dead,"Yousif, Mr. Wazli",male,,0,0,2647,7.2249999,,Cherbourg,,,,0,3
3rd,Dead,"Yousseff, Mr. Gerious",male,,0,0,2627,14.4582996,,Cherbourg,,,,0,3
3rd,Dead,"Zabour, Miss. Hileni",female,14.5,1,0,2665,14.4541998,,Cherbourg,,328,,0,3
3rd,Dead,"Zabour, Miss. Thamine",female,,1,0,2665,14.4541998,,Cherbourg,,,,0,3
3rd,Dead,"Zakarian, Mr. Mapriededer",male,26.5,0,0,2656,7.2249999,,Cherbourg,,304,,0,3
3rd,Dead,"Zakarian, Mr. Ortin",male,27,0,0,2670,7.2249999,,Cherbourg,,,,0,3
3rd,Dead,"Zimmerman, Mr. Leo",male,29,0,0,315082,7.875,,Southampton,,,,0,3
